# kind,elapsed_ms,order,exp_x,exp_y,exp_scale,exp_cx,exp_cy,power,vec,center_y,begin_order,end_order,stage_ratio_x,stage_ratio_y,center_x
0,125,0,6.0,0.0,1.0,0.0,0.0,12,0,0,-2147483648,2147483647,1.0,1.0,0
0,375,0,12.0,0.0,1.0,0.0,0.0,12,0,0,-2147483648,2147483647,1.0,1.0,0
0,250,2,8.0,0.0,1.0,0.0,0.0,16,0,0,1,3,1.0,1.0,0
0,250,0,0.0,0.0,1.0,0.0,0.0,16,0,0,1,3,1.0,1.0,0
0,500,2,18.0,0.0,1.0,0.0,0.0,24,0,0,1,4,1.25,1.0,0
0,500,2,18.0,0.0,1.0,0.0,0.0,24,0,0,1,4,0.75,1.0,0
1,125,0,0.0,-4.0,1.0,0.0,0.0,8,0,0,-2147483648,2147483647,1.0,1.0,0
1,375,0,0.0,0.0,1.0,0.0,0.0,8,0,0,-2147483648,2147483647,1.0,1.0,0
1,250,3,0.0,-10.0,1.0,0.0,0.0,18,0,0,2,4,1.0,1.3,0
1,250,1,0.0,0.0,1.0,0.0,0.0,18,0,0,2,4,1.0,1.3,0
1,500,2,0.0,-8.0,1.0,0.0,0.0,20,0,0,1,2,1.0,0.8,0
2,125,0,0.0,0.0,1.15,320.0,240.0,36,320,240,-2147483648,2147483647,1.0,1.0,320
2,375,0,0.0,0.0,1.08,320.0,240.0,36,320,240,-2147483648,2147483647,1.0,1.0,320
2,125,2,0.0,0.0,1.20,400.0,225.0,48,400,225,1,3,1.0,1.0,400
2,125,0,0.0,0.0,1.00,400.0,225.0,48,400,225,1,3,1.0,1.0,400
2,500,3,0.0,0.0,1.05,640.0,360.0,20,640,360,3,5,1.0,1.0,640
2,500,3,0.0,0.0,1.05,640.0,360.0,20,640,360,3,5,1.3,1.3,640
0,1000,99,0.0,0.0,1.0,0.0,0.0,20,0,0,1,3,1.0,1.0,0
1,1000,-5,0.0,0.0,1.0,0.0,0.0,20,0,0,2,4,1.0,1.0,0
2,1000,-9,0.0,0.0,1.0,640.0,360.0,40,640,360,1,5,1.0,1.0,640
0,1000,99,0.0,0.0,1.0,0.0,0.0,20,0,0,1,3,1.25,0.9,0
1,1000,-5,0.0,0.0,1.0,0.0,0.0,20,0,0,2,4,1.25,0.9,0
2,1000,-9,0.0,0.0,1.0,640.0,360.0,40,640,360,1,5,1.25,0.9,640
0,1000,99,0.0,0.0,1.0,0.0,0.0,20,0,0,1,3,0.8,1.3,0
1,1000,-5,0.0,0.0,1.0,0.0,0.0,20,0,0,2,4,0.8,1.3,0
2,1000,-9,0.0,0.0,1.0,640.0,360.0,40,640,360,1,5,0.8,1.3,640
0,1500,99,0.0,0.0,1.0,0.0,0.0,20,0,0,1,3,1.0,1.0,0
1,1500,-5,0.0,0.0,1.0,0.0,0.0,20,0,0,2,4,1.0,1.0,0
2,1500,-9,0.0,0.0,1.0,640.0,360.0,40,640,360,1,5,1.0,1.0,640
0,1500,99,0.0,0.0,1.0,0.0,0.0,20,0,0,1,3,1.25,0.9,0
1,1500,-5,0.0,0.0,1.0,0.0,0.0,20,0,0,2,4,1.25,0.9,0
2,1500,-9,0.0,0.0,1.0,640.0,360.0,40,640,360,1,5,1.25,0.9,640
0,1500,99,0.0,0.0,1.0,0.0,0.0,20,0,0,1,3,0.8,1.3,0
1,1500,-5,0.0,0.0,1.0,0.0,0.0,20,0,0,2,4,0.8,1.3,0
2,1500,-9,0.0,0.0,1.0,640.0,360.0,40,640,360,1,5,0.8,1.3,640
0,2000,99,0.0,0.0,1.0,0.0,0.0,20,0,0,1,3,1.0,1.0,0
1,2000,-5,0.0,0.0,1.0,0.0,0.0,20,0,0,2,4,1.0,1.0,0
2,2000,-9,0.0,0.0,1.0,640.0,360.0,40,640,360,1,5,1.0,1.0,640
0,2000,99,0.0,0.0,1.0,0.0,0.0,20,0,0,1,3,1.25,0.9,0
1,2000,-5,0.0,0.0,1.0,0.0,0.0,20,0,0,2,4,1.25,0.9,0
2,2000,-9,0.0,0.0,1.0,640.0,360.0,40,640,360,1,5,1.25,0.9,640
0,2000,99,0.0,0.0,1.0,0.0,0.0,20,0,0,1,3,0.8,1.3,0
1,2000,-5,0.0,0.0,1.0,0.0,0.0,20,0,0,2,4,0.8,1.3,0
2,2000,-9,0.0,0.0,1.0,640.0,360.0,40,640,360,1,5,0.8,1.3,640
0,3000,99,0.0,0.0,1.0,0.0,0.0,20,0,0,1,3,1.0,1.0,0
1,3000,-5,0.0,0.0,1.0,0.0,0.0,20,0,0,2,4,1.0,1.0,0
2,3000,-9,0.0,0.0,1.0,640.0,360.0,40,640,360,1,5,1.0,1.0,640
0,3000,99,0.0,0.0,1.0,0.0,0.0,20,0,0,1,3,1.25,0.9,0
1,3000,-5,0.0,0.0,1.0,0.0,0.0,20,0,0,2,4,1.25,0.9,0
2,3000,-9,0.0,0.0,1.0,640.0,360.0,40,640,360,1,5,1.25,0.9,640
0,3000,99,0.0,0.0,1.0,0.0,0.0,20,0,0,1,3,0.8,1.3,0
1,3000,-5,0.0,0.0,1.0,0.0,0.0,20,0,0,2,4,0.8,1.3,0
2,3000,-9,0.0,0.0,1.0,640.0,360.0,40,640,360,1,5,0.8,1.3,640
0,5000,99,0.0,0.0,1.0,0.0,0.0,20,0,0,1,3,1.0,1.0,0
1,5000,-5,0.0,0.0,1.0,0.0,0.0,20,0,0,2,4,1.0,1.0,0
2,5000,-9,0.0,0.0,1.0,640.0,360.0,40,640,360,1,5,1.0,1.0,640
0,5000,99,0.0,0.0,1.0,0.0,0.0,20,0,0,1,3,1.25,0.9,0
1,5000,-5,0.0,0.0,1.0,0.0,0.0,20,0,0,2,4,1.25,0.9,0
2,5000,-9,0.0,0.0,1.0,640.0,360.0,40,640,360,1,5,1.25,0.9,640
0,5000,99,0.0,0.0,1.0,0.0,0.0,20,0,0,1,3,0.8,1.3,0
1,5000,-5,0.0,0.0,1.0,0.0,0.0,20,0,0,2,4,0.8,1.3,0
2,5000,-9,0.0,0.0,1.0,640.0,360.0,40,640,360,1,5,0.8,1.3,640
0,8000,99,0.0,0.0,1.0,0.0,0.0,20,0,0,1,3,1.0,1.0,0
1,8000,-5,0.0,0.0,1.0,0.0,0.0,20,0,0,2,4,1.0,1.0,0
2,8000,-9,0.0,0.0,1.0,640.0,360.0,40,640,360,1,5,1.0,1.0,640
0,8000,99,0.0,0.0,1.0,0.0,0.0,20,0,0,1,3,1.25,0.9,0
1,8000,-5,0.0,0.0,1.0,0.0,0.0,20,0,0,2,4,1.25,0.9,0
2,8000,-9,0.0,0.0,1.0,640.0,360.0,40,640,360,1,5,1.25,0.9,640
0,8000,99,0.0,0.0,1.0,0.0,0.0,20,0,0,1,3,0.8,1.3,0
1,8000,-5,0.0,0.0,1.0,0.0,0.0,20,0,0,2,4,0.8,1.3,0
2,8000,-9,0.0,0.0,1.0,640.0,360.0,40,640,360,1,5,0.8,1.3,640
0,12000,99,0.0,0.0,1.0,0.0,0.0,20,0,0,1,3,1.0,1.0,0
1,12000,-5,0.0,0.0,1.0,0.0,0.0,20,0,0,2,4,1.0,1.0,0
2,12000,-9,0.0,0.0,1.0,640.0,360.0,40,640,360,1,5,1.0,1.0,640
0,12000,99,0.0,0.0,1.0,0.0,0.0,20,0,0,1,3,1.25,0.9,0
1,12000,-5,0.0,0.0,1.0,0.0,0.0,20,0,0,2,4,1.25,0.9,0
2,12000,-9,0.0,0.0,1.0,640.0,360.0,40,640,360,1,5,1.25,0.9,640
0,12000,99,0.0,0.0,1.0,0.0,0.0,20,0,0,1,3,0.8,1.3,0
1,12000,-5,0.0,0.0,1.0,0.0,0.0,20,0,0,2,4,0.8,1.3,0
2,12000,-9,0.0,0.0,1.0,640.0,360.0,40,640,360,1,5,0.8,1.3,640
0,16000,99,0.0,0.0,1.0,0.0,0.0,20,0,0,1,3,1.0,1.0,0
1,16000,-5,0.0,0.0,1.0,0.0,0.0,20,0,0,2,4,1.0,1.0,0
2,16000,-9,0.0,0.0,1.0,640.0,360.0,40,640,360,1,5,1.0,1.0,640
0,16000,99,0.0,0.0,1.0,0.0,0.0,20,0,0,1,3,1.25,0.9,0
1,16000,-5,0.0,0.0,1.0,0.0,0.0,20,0,0,2,4,1.25,0.9,0
2,16000,-9,0.0,0.0,1.0,640.0,360.0,40,640,360,1,5,1.25,0.9,640
0,16000,99,0.0,0.0,1.0,0.0,0.0,20,0,0,1,3,0.8,1.3,0
1,16000,-5,0.0,0.0,1.0,0.0,0.0,20,0,0,2,4,0.8,1.3,0
2,16000,-9,0.0,0.0,1.0,640.0,360.0,40,640,360,1,5,0.8,1.3,640
0,20000,99,0.0,0.0,1.0,0.0,0.0,20,0,0,1,3,1.0,1.0,0
1,20000,-5,0.0,0.0,1.0,0.0,0.0,20,0,0,2,4,1.0,1.0,0
2,20000,-9,0.0,0.0,1.0,640.0,360.0,40,640,360,1,5,1.0,1.0,640
0,20000,99,0.0,0.0,1.0,0.0,0.0,20,0,0,1,3,1.25,0.9,0
1,20000,-5,0.0,0.0,1.0,0.0,0.0,20,0,0,2,4,1.25,0.9,0
2,20000,-9,0.0,0.0,1.0,640.0,360.0,40,640,360,1,5,1.25,0.9,640
0,20000,99,0.0,0.0,1.0,0.0,0.0,20,0,0,1,3,0.8,1.3,0
1,20000,-5,0.0,0.0,1.0,0.0,0.0,20,0,0,2,4,0.8,1.3,0
2,20000,-9,0.0,0.0,1.0,640.0,360.0,40,640,360,1,5,0.8,1.3,640
0,1000,2,0.0,0.0,1.0,0.0,0.0,16,0,0,1,3,1.0,1.0,0
1,1000,3,0.0,0.0,1.0,0.0,0.0,18,0,0,2,4,1.0,1.0,0
2,1000,3,0.0,0.0,1.0,320.0,240.0,30,320,240,1,5,1.0,1.0,320
0,1500,2,0.0,0.0,1.0,0.0,0.0,16,0,0,1,3,1.0,1.0,0
1,1500,3,0.0,0.0,1.0,0.0,0.0,18,0,0,2,4,1.0,1.0,0
2,1500,3,0.0,0.0,1.0,320.0,240.0,30,320,240,1,5,1.0,1.0,320
0,2000,2,0.0,0.0,1.0,0.0,0.0,16,0,0,1,3,1.0,1.0,0
1,2000,3,0.0,0.0,1.0,0.0,0.0,18,0,0,2,4,1.0,1.0,0
2,2000,3,0.0,0.0,1.0,320.0,240.0,30,320,240,1,5,1.0,1.0,320
0,3000,2,0.0,0.0,1.0,0.0,0.0,16,0,0,1,3,1.0,1.0,0
1,3000,3,0.0,0.0,1.0,0.0,0.0,18,0,0,2,4,1.0,1.0,0
2,3000,3,0.0,0.0,1.0,320.0,240.0,30,320,240,1,5,1.0,1.0,320
0,5000,2,0.0,0.0,1.0,0.0,0.0,16,0,0,1,3,1.0,1.0,0
1,5000,3,0.0,0.0,1.0,0.0,0.0,18,0,0,2,4,1.0,1.0,0
2,5000,3,0.0,0.0,1.0,320.0,240.0,30,320,240,1,5,1.0,1.0,320
2,0,10,0.0,0.0,1.000000,540.0,280.0,52,540,280,10,12,1.35,0.72,540
2,31.25,10,0.0,0.0,1.001991,540.0,280.0,52,540,280,10,12,1.35,0.72,540
2,62.5,10,0.0,0.0,1.007966,540.0,280.0,52,540,280,10,12,1.35,0.72,540
2,93.75,10,0.0,0.0,1.017923,540.0,280.0,52,540,280,10,12,1.35,0.72,540
2,125,10,0.0,0.0,1.031863,540.0,280.0,52,540,280,10,12,1.35,0.72,540
2,156.25,10,0.0,0.0,1.049786,540.0,280.0,52,540,280,10,12,1.35,0.72,540
2,187.5,10,0.0,0.0,1.071691,540.0,280.0,52,540,280,10,12,1.35,0.72,540
2,218.75,10,0.0,0.0,1.097580,540.0,280.0,52,540,280,10,12,1.35,0.72,540
2,250,10,0.0,0.0,1.127451,540.0,280.0,52,540,280,10,12,1.35,0.72,540
2,281.25,10,0.0,0.0,1.157322,540.0,280.0,52,540,280,10,12,1.35,0.72,540
2,312.5,10,0.0,0.0,1.183211,540.0,280.0,52,540,280,10,12,1.35,0.72,540
2,343.75,10,0.0,0.0,1.205116,540.0,280.0,52,540,280,10,12,1.35,0.72,540
2,375,10,0.0,0.0,1.223039,540.0,280.0,52,540,280,10,12,1.35,0.72,540
2,406.25,10,0.0,0.0,1.236979,540.0,280.0,52,540,280,10,12,1.35,0.72,540
2,437.5,10,0.0,0.0,1.246936,540.0,280.0,52,540,280,10,12,1.35,0.72,540
2,468.75,10,0.0,0.0,1.252911,540.0,280.0,52,540,280,10,12,1.35,0.72,540
2,500,10,0.0,0.0,1.254902,540.0,280.0,52,540,280,10,12,1.35,0.72,540
2,562.5,10,0.0,0.0,1.246936,540.0,280.0,52,540,280,10,12,1.35,0.72,540
2,625,10,0.0,0.0,1.223039,540.0,280.0,52,540,280,10,12,1.35,0.72,540
2,687.5,10,0.0,0.0,1.183211,540.0,280.0,52,540,280,10,12,1.35,0.72,540
2,750,10,0.0,0.0,1.127451,540.0,280.0,52,540,280,10,12,1.35,0.72,540
2,812.5,10,0.0,0.0,1.071691,540.0,280.0,52,540,280,10,12,1.35,0.72,540
2,875,10,0.0,0.0,1.031863,540.0,280.0,52,540,280,10,12,1.35,0.72,540
2,937.5,10,0.0,0.0,1.007966,540.0,280.0,52,540,280,10,12,1.35,0.72,540
2,1000,10,0.0,0.0,1.000000,540.0,280.0,52,540,280,10,12,1.35,0.72,540
2,1062.5,10,0.0,0.0,1.007468,540.0,280.0,52,540,280,10,12,1.35,0.72,540
2,1125,10,0.0,0.0,1.027880,540.0,280.0,52,540,280,10,12,1.35,0.72,540
2,1187.5,10,0.0,0.0,1.058249,540.0,280.0,52,540,280,10,12,1.35,0.72,540
2,1250,10,0.0,0.0,1.095588,540.0,280.0,52,540,280,10,12,1.35,0.72,540
2,1312.5,10,0.0,0.0,1.125957,540.0,280.0,52,540,280,10,12,1.35,0.72,540
2,1375,10,0.0,0.0,1.139400,540.0,280.0,52,540,280,10,12,1.35,0.72,540
2,1437.5,10,0.0,0.0,1.138902,540.0,280.0,52,540,280,10,12,1.35,0.72,540
2,1500,10,0.0,0.0,1.127451,540.0,280.0,52,540,280,10,12,1.35,0.72,540
2,1562.5,10,0.0,0.0,1.108035,540.0,280.0,52,540,280,10,12,1.35,0.72,540
2,1625,10,0.0,0.0,1.083640,540.0,280.0,52,540,280,10,12,1.35,0.72,540
2,1687.5,10,0.0,0.0,1.057253,540.0,280.0,52,540,280,10,12,1.35,0.72,540
2,1750,10,0.0,0.0,1.031863,540.0,280.0,52,540,280,10,12,1.35,0.72,540
2,0,11,0.0,0.0,1.000000,540.0,280.0,52,540,280,10,12,1.35,0.72,540
2,31.25,11,0.0,0.0,1.001991,540.0,280.0,52,540,280,10,12,1.35,0.72,540
2,62.5,11,0.0,0.0,1.007966,540.0,280.0,52,540,280,10,12,1.35,0.72,540
2,93.75,11,0.0,0.0,1.017923,540.0,280.0,52,540,280,10,12,1.35,0.72,540
2,125,11,0.0,0.0,1.031863,540.0,280.0,52,540,280,10,12,1.35,0.72,540
2,156.25,11,0.0,0.0,1.049786,540.0,280.0,52,540,280,10,12,1.35,0.72,540
2,187.5,11,0.0,0.0,1.071691,540.0,280.0,52,540,280,10,12,1.35,0.72,540
2,218.75,11,0.0,0.0,1.097580,540.0,280.0,52,540,280,10,12,1.35,0.72,540
2,250,11,0.0,0.0,1.127451,540.0,280.0,52,540,280,10,12,1.35,0.72,540
2,281.25,11,0.0,0.0,1.157322,540.0,280.0,52,540,280,10,12,1.35,0.72,540
2,312.5,11,0.0,0.0,1.183211,540.0,280.0,52,540,280,10,12,1.35,0.72,540
2,343.75,11,0.0,0.0,1.205116,540.0,280.0,52,540,280,10,12,1.35,0.72,540
2,375,11,0.0,0.0,1.223039,540.0,280.0,52,540,280,10,12,1.35,0.72,540
2,406.25,11,0.0,0.0,1.236979,540.0,280.0,52,540,280,10,12,1.35,0.72,540
2,437.5,11,0.0,0.0,1.246936,540.0,280.0,52,540,280,10,12,1.35,0.72,540
2,468.75,11,0.0,0.0,1.252911,540.0,280.0,52,540,280,10,12,1.35,0.72,540
2,500,11,0.0,0.0,1.254902,540.0,280.0,52,540,280,10,12,1.35,0.72,540
2,562.5,11,0.0,0.0,1.246936,540.0,280.0,52,540,280,10,12,1.35,0.72,540
2,625,11,0.0,0.0,1.223039,540.0,280.0,52,540,280,10,12,1.35,0.72,540
2,687.5,11,0.0,0.0,1.183211,540.0,280.0,52,540,280,10,12,1.35,0.72,540
2,750,11,0.0,0.0,1.127451,540.0,280.0,52,540,280,10,12,1.35,0.72,540
2,812.5,11,0.0,0.0,1.071691,540.0,280.0,52,540,280,10,12,1.35,0.72,540
2,875,11,0.0,0.0,1.031863,540.0,280.0,52,540,280,10,12,1.35,0.72,540
2,937.5,11,0.0,0.0,1.007966,540.0,280.0,52,540,280,10,12,1.35,0.72,540
2,1000,11,0.0,0.0,1.000000,540.0,280.0,52,540,280,10,12,1.35,0.72,540
2,1062.5,11,0.0,0.0,1.007468,540.0,280.0,52,540,280,10,12,1.35,0.72,540
2,1125,11,0.0,0.0,1.027880,540.0,280.0,52,540,280,10,12,1.35,0.72,540
2,1187.5,11,0.0,0.0,1.058249,540.0,280.0,52,540,280,10,12,1.35,0.72,540
2,1250,11,0.0,0.0,1.095588,540.0,280.0,52,540,280,10,12,1.35,0.72,540
2,1312.5,11,0.0,0.0,1.125957,540.0,280.0,52,540,280,10,12,1.35,0.72,540
2,1375,11,0.0,0.0,1.139400,540.0,280.0,52,540,280,10,12,1.35,0.72,540
2,1437.5,11,0.0,0.0,1.138902,540.0,280.0,52,540,280,10,12,1.35,0.72,540
2,1500,11,0.0,0.0,1.127451,540.0,280.0,52,540,280,10,12,1.35,0.72,540
2,1562.5,11,0.0,0.0,1.108035,540.0,280.0,52,540,280,10,12,1.35,0.72,540
2,1625,11,0.0,0.0,1.083640,540.0,280.0,52,540,280,10,12,1.35,0.72,540
2,1687.5,11,0.0,0.0,1.057253,540.0,280.0,52,540,280,10,12,1.35,0.72,540
2,1750,11,0.0,0.0,1.031863,540.0,280.0,52,540,280,10,12,1.35,0.72,540
2,0,12,0.0,0.0,1.000000,540.0,280.0,52,540,280,10,12,1.35,0.72,540
2,31.25,12,0.0,0.0,1.001991,540.0,280.0,52,540,280,10,12,1.35,0.72,540
2,62.5,12,0.0,0.0,1.007966,540.0,280.0,52,540,280,10,12,1.35,0.72,540
2,93.75,12,0.0,0.0,1.017923,540.0,280.0,52,540,280,10,12,1.35,0.72,540
2,125,12,0.0,0.0,1.031863,540.0,280.0,52,540,280,10,12,1.35,0.72,540
2,156.25,12,0.0,0.0,1.049786,540.0,280.0,52,540,280,10,12,1.35,0.72,540
2,187.5,12,0.0,0.0,1.071691,540.0,280.0,52,540,280,10,12,1.35,0.72,540
2,218.75,12,0.0,0.0,1.097580,540.0,280.0,52,540,280,10,12,1.35,0.72,540
2,250,12,0.0,0.0,1.127451,540.0,280.0,52,540,280,10,12,1.35,0.72,540
2,281.25,12,0.0,0.0,1.157322,540.0,280.0,52,540,280,10,12,1.35,0.72,540
2,312.5,12,0.0,0.0,1.183211,540.0,280.0,52,540,280,10,12,1.35,0.72,540
2,343.75,12,0.0,0.0,1.205116,540.0,280.0,52,540,280,10,12,1.35,0.72,540
2,375,12,0.0,0.0,1.223039,540.0,280.0,52,540,280,10,12,1.35,0.72,540
2,406.25,12,0.0,0.0,1.236979,540.0,280.0,52,540,280,10,12,1.35,0.72,540
2,437.5,12,0.0,0.0,1.246936,540.0,280.0,52,540,280,10,12,1.35,0.72,540
2,468.75,12,0.0,0.0,1.252911,540.0,280.0,52,540,280,10,12,1.35,0.72,540
2,500,12,0.0,0.0,1.254902,540.0,280.0,52,540,280,10,12,1.35,0.72,540
2,562.5,12,0.0,0.0,1.246936,540.0,280.0,52,540,280,10,12,1.35,0.72,540
2,625,12,0.0,0.0,1.223039,540.0,280.0,52,540,280,10,12,1.35,0.72,540
2,687.5,12,0.0,0.0,1.183211,540.0,280.0,52,540,280,10,12,1.35,0.72,540
2,750,12,0.0,0.0,1.127451,540.0,280.0,52,540,280,10,12,1.35,0.72,540
2,812.5,12,0.0,0.0,1.071691,540.0,280.0,52,540,280,10,12,1.35,0.72,540
2,875,12,0.0,0.0,1.031863,540.0,280.0,52,540,280,10,12,1.35,0.72,540
2,937.5,12,0.0,0.0,1.007966,540.0,280.0,52,540,280,10,12,1.35,0.72,540
2,1000,12,0.0,0.0,1.000000,540.0,280.0,52,540,280,10,12,1.35,0.72,540
2,1062.5,12,0.0,0.0,1.007468,540.0,280.0,52,540,280,10,12,1.35,0.72,540
2,1125,12,0.0,0.0,1.027880,540.0,280.0,52,540,280,10,12,1.35,0.72,540
2,1187.5,12,0.0,0.0,1.058249,540.0,280.0,52,540,280,10,12,1.35,0.72,540
2,1250,12,0.0,0.0,1.095588,540.0,280.0,52,540,280,10,12,1.35,0.72,540
2,1312.5,12,0.0,0.0,1.125957,540.0,280.0,52,540,280,10,12,1.35,0.72,540
2,1375,12,0.0,0.0,1.139400,540.0,280.0,52,540,280,10,12,1.35,0.72,540
2,1437.5,12,0.0,0.0,1.138902,540.0,280.0,52,540,280,10,12,1.35,0.72,540
2,1500,12,0.0,0.0,1.127451,540.0,280.0,52,540,280,10,12,1.35,0.72,540
2,1562.5,12,0.0,0.0,1.108035,540.0,280.0,52,540,280,10,12,1.35,0.72,540
2,1625,12,0.0,0.0,1.083640,540.0,280.0,52,540,280,10,12,1.35,0.72,540
2,1687.5,12,0.0,0.0,1.057253,540.0,280.0,52,540,280,10,12,1.35,0.72,540
2,1750,12,0.0,0.0,1.031863,540.0,280.0,52,540,280,10,12,1.35,0.72,540
2,0,10,0.0,0.0,1.000000,540.0,280.0,52,540,280,10,12,0.8,1.25,540
2,31.25,10,0.0,0.0,1.001991,540.0,280.0,52,540,280,10,12,0.8,1.25,540
2,62.5,10,0.0,0.0,1.007966,540.0,280.0,52,540,280,10,12,0.8,1.25,540
2,93.75,10,0.0,0.0,1.017923,540.0,280.0,52,540,280,10,12,0.8,1.25,540
2,125,10,0.0,0.0,1.031863,540.0,280.0,52,540,280,10,12,0.8,1.25,540
2,156.25,10,0.0,0.0,1.049786,540.0,280.0,52,540,280,10,12,0.8,1.25,540
2,187.5,10,0.0,0.0,1.071691,540.0,280.0,52,540,280,10,12,0.8,1.25,540
2,218.75,10,0.0,0.0,1.097580,540.0,280.0,52,540,280,10,12,0.8,1.25,540
2,250,10,0.0,0.0,1.127451,540.0,280.0,52,540,280,10,12,0.8,1.25,540
2,281.25,10,0.0,0.0,1.157322,540.0,280.0,52,540,280,10,12,0.8,1.25,540
2,312.5,10,0.0,0.0,1.183211,540.0,280.0,52,540,280,10,12,0.8,1.25,540
2,343.75,10,0.0,0.0,1.205116,540.0,280.0,52,540,280,10,12,0.8,1.25,540
2,375,10,0.0,0.0,1.223039,540.0,280.0,52,540,280,10,12,0.8,1.25,540
2,406.25,10,0.0,0.0,1.236979,540.0,280.0,52,540,280,10,12,0.8,1.25,540
2,437.5,10,0.0,0.0,1.246936,540.0,280.0,52,540,280,10,12,0.8,1.25,540
2,468.75,10,0.0,0.0,1.252911,540.0,280.0,52,540,280,10,12,0.8,1.25,540
2,500,10,0.0,0.0,1.254902,540.0,280.0,52,540,280,10,12,0.8,1.25,540
2,562.5,10,0.0,0.0,1.246936,540.0,280.0,52,540,280,10,12,0.8,1.25,540
2,625,10,0.0,0.0,1.223039,540.0,280.0,52,540,280,10,12,0.8,1.25,540
2,687.5,10,0.0,0.0,1.183211,540.0,280.0,52,540,280,10,12,0.8,1.25,540
2,750,10,0.0,0.0,1.127451,540.0,280.0,52,540,280,10,12,0.8,1.25,540
2,812.5,10,0.0,0.0,1.071691,540.0,280.0,52,540,280,10,12,0.8,1.25,540
2,875,10,0.0,0.0,1.031863,540.0,280.0,52,540,280,10,12,0.8,1.25,540
2,937.5,10,0.0,0.0,1.007966,540.0,280.0,52,540,280,10,12,0.8,1.25,540
2,1000,10,0.0,0.0,1.000000,540.0,280.0,52,540,280,10,12,0.8,1.25,540
2,1062.5,10,0.0,0.0,1.007468,540.0,280.0,52,540,280,10,12,0.8,1.25,540
2,1125,10,0.0,0.0,1.027880,540.0,280.0,52,540,280,10,12,0.8,1.25,540
2,1187.5,10,0.0,0.0,1.058249,540.0,280.0,52,540,280,10,12,0.8,1.25,540
2,1250,10,0.0,0.0,1.095588,540.0,280.0,52,540,280,10,12,0.8,1.25,540
2,1312.5,10,0.0,0.0,1.125957,540.0,280.0,52,540,280,10,12,0.8,1.25,540
2,1375,10,0.0,0.0,1.139400,540.0,280.0,52,540,280,10,12,0.8,1.25,540
2,1437.5,10,0.0,0.0,1.138902,540.0,280.0,52,540,280,10,12,0.8,1.25,540
2,1500,10,0.0,0.0,1.127451,540.0,280.0,52,540,280,10,12,0.8,1.25,540
2,1562.5,10,0.0,0.0,1.108035,540.0,280.0,52,540,280,10,12,0.8,1.25,540
2,1625,10,0.0,0.0,1.083640,540.0,280.0,52,540,280,10,12,0.8,1.25,540
2,1687.5,10,0.0,0.0,1.057253,540.0,280.0,52,540,280,10,12,0.8,1.25,540
2,1750,10,0.0,0.0,1.031863,540.0,280.0,52,540,280,10,12,0.8,1.25,540
2,0,11,0.0,0.0,1.000000,540.0,280.0,52,540,280,10,12,0.8,1.25,540
2,31.25,11,0.0,0.0,1.001991,540.0,280.0,52,540,280,10,12,0.8,1.25,540
2,62.5,11,0.0,0.0,1.007966,540.0,280.0,52,540,280,10,12,0.8,1.25,540
2,93.75,11,0.0,0.0,1.017923,540.0,280.0,52,540,280,10,12,0.8,1.25,540
2,125,11,0.0,0.0,1.031863,540.0,280.0,52,540,280,10,12,0.8,1.25,540
2,156.25,11,0.0,0.0,1.049786,540.0,280.0,52,540,280,10,12,0.8,1.25,540
2,187.5,11,0.0,0.0,1.071691,540.0,280.0,52,540,280,10,12,0.8,1.25,540
2,218.75,11,0.0,0.0,1.097580,540.0,280.0,52,540,280,10,12,0.8,1.25,540
2,250,11,0.0,0.0,1.127451,540.0,280.0,52,540,280,10,12,0.8,1.25,540
2,281.25,11,0.0,0.0,1.157322,540.0,280.0,52,540,280,10,12,0.8,1.25,540
2,312.5,11,0.0,0.0,1.183211,540.0,280.0,52,540,280,10,12,0.8,1.25,540
2,343.75,11,0.0,0.0,1.205116,540.0,280.0,52,540,280,10,12,0.8,1.25,540
2,375,11,0.0,0.0,1.223039,540.0,280.0,52,540,280,10,12,0.8,1.25,540
2,406.25,11,0.0,0.0,1.236979,540.0,280.0,52,540,280,10,12,0.8,1.25,540
2,437.5,11,0.0,0.0,1.246936,540.0,280.0,52,540,280,10,12,0.8,1.25,540
2,468.75,11,0.0,0.0,1.252911,540.0,280.0,52,540,280,10,12,0.8,1.25,540
2,500,11,0.0,0.0,1.254902,540.0,280.0,52,540,280,10,12,0.8,1.25,540
2,562.5,11,0.0,0.0,1.246936,540.0,280.0,52,540,280,10,12,0.8,1.25,540
2,625,11,0.0,0.0,1.223039,540.0,280.0,52,540,280,10,12,0.8,1.25,540
2,687.5,11,0.0,0.0,1.183211,540.0,280.0,52,540,280,10,12,0.8,1.25,540
2,750,11,0.0,0.0,1.127451,540.0,280.0,52,540,280,10,12,0.8,1.25,540
2,812.5,11,0.0,0.0,1.071691,540.0,280.0,52,540,280,10,12,0.8,1.25,540
2,875,11,0.0,0.0,1.031863,540.0,280.0,52,540,280,10,12,0.8,1.25,540
2,937.5,11,0.0,0.0,1.007966,540.0,280.0,52,540,280,10,12,0.8,1.25,540
2,1000,11,0.0,0.0,1.000000,540.0,280.0,52,540,280,10,12,0.8,1.25,540
2,1062.5,11,0.0,0.0,1.007468,540.0,280.0,52,540,280,10,12,0.8,1.25,540
2,1125,11,0.0,0.0,1.027880,540.0,280.0,52,540,280,10,12,0.8,1.25,540
2,1187.5,11,0.0,0.0,1.058249,540.0,280.0,52,540,280,10,12,0.8,1.25,540
2,1250,11,0.0,0.0,1.095588,540.0,280.0,52,540,280,10,12,0.8,1.25,540
2,1312.5,11,0.0,0.0,1.125957,540.0,280.0,52,540,280,10,12,0.8,1.25,540
2,1375,11,0.0,0.0,1.139400,540.0,280.0,52,540,280,10,12,0.8,1.25,540
2,1437.5,11,0.0,0.0,1.138902,540.0,280.0,52,540,280,10,12,0.8,1.25,540
2,1500,11,0.0,0.0,1.127451,540.0,280.0,52,540,280,10,12,0.8,1.25,540
2,1562.5,11,0.0,0.0,1.108035,540.0,280.0,52,540,280,10,12,0.8,1.25,540
2,1625,11,0.0,0.0,1.083640,540.0,280.0,52,540,280,10,12,0.8,1.25,540
2,1687.5,11,0.0,0.0,1.057253,540.0,280.0,52,540,280,10,12,0.8,1.25,540
2,1750,11,0.0,0.0,1.031863,540.0,280.0,52,540,280,10,12,0.8,1.25,540
2,0,12,0.0,0.0,1.000000,540.0,280.0,52,540,280,10,12,0.8,1.25,540
2,31.25,12,0.0,0.0,1.001991,540.0,280.0,52,540,280,10,12,0.8,1.25,540
2,62.5,12,0.0,0.0,1.007966,540.0,280.0,52,540,280,10,12,0.8,1.25,540
2,93.75,12,0.0,0.0,1.017923,540.0,280.0,52,540,280,10,12,0.8,1.25,540
2,125,12,0.0,0.0,1.031863,540.0,280.0,52,540,280,10,12,0.8,1.25,540
2,156.25,12,0.0,0.0,1.049786,540.0,280.0,52,540,280,10,12,0.8,1.25,540
2,187.5,12,0.0,0.0,1.071691,540.0,280.0,52,540,280,10,12,0.8,1.25,540
2,218.75,12,0.0,0.0,1.097580,540.0,280.0,52,540,280,10,12,0.8,1.25,540
2,250,12,0.0,0.0,1.127451,540.0,280.0,52,540,280,10,12,0.8,1.25,540
2,281.25,12,0.0,0.0,1.157322,540.0,280.0,52,540,280,10,12,0.8,1.25,540
2,312.5,12,0.0,0.0,1.183211,540.0,280.0,52,540,280,10,12,0.8,1.25,540
2,343.75,12,0.0,0.0,1.205116,540.0,280.0,52,540,280,10,12,0.8,1.25,540
2,375,12,0.0,0.0,1.223039,540.0,280.0,52,540,280,10,12,0.8,1.25,540
2,406.25,12,0.0,0.0,1.236979,540.0,280.0,52,540,280,10,12,0.8,1.25,540
2,437.5,12,0.0,0.0,1.246936,540.0,280.0,52,540,280,10,12,0.8,1.25,540
2,468.75,12,0.0,0.0,1.252911,540.0,280.0,52,540,280,10,12,0.8,1.25,540
2,500,12,0.0,0.0,1.254902,540.0,280.0,52,540,280,10,12,0.8,1.25,540
2,562.5,12,0.0,0.0,1.246936,540.0,280.0,52,540,280,10,12,0.8,1.25,540
2,625,12,0.0,0.0,1.223039,540.0,280.0,52,540,280,10,12,0.8,1.25,540
2,687.5,12,0.0,0.0,1.183211,540.0,280.0,52,540,280,10,12,0.8,1.25,540
2,750,12,0.0,0.0,1.127451,540.0,280.0,52,540,280,10,12,0.8,1.25,540
2,812.5,12,0.0,0.0,1.071691,540.0,280.0,52,540,280,10,12,0.8,1.25,540
2,875,12,0.0,0.0,1.031863,540.0,280.0,52,540,280,10,12,0.8,1.25,540
2,937.5,12,0.0,0.0,1.007966,540.0,280.0,52,540,280,10,12,0.8,1.25,540
2,1000,12,0.0,0.0,1.000000,540.0,280.0,52,540,280,10,12,0.8,1.25,540
2,1062.5,12,0.0,0.0,1.007468,540.0,280.0,52,540,280,10,12,0.8,1.25,540
2,1125,12,0.0,0.0,1.027880,540.0,280.0,52,540,280,10,12,0.8,1.25,540
2,1187.5,12,0.0,0.0,1.058249,540.0,280.0,52,540,280,10,12,0.8,1.25,540
2,1250,12,0.0,0.0,1.095588,540.0,280.0,52,540,280,10,12,0.8,1.25,540
2,1312.5,12,0.0,0.0,1.125957,540.0,280.0,52,540,280,10,12,0.8,1.25,540
2,1375,12,0.0,0.0,1.139400,540.0,280.0,52,540,280,10,12,0.8,1.25,540
2,1437.5,12,0.0,0.0,1.138902,540.0,280.0,52,540,280,10,12,0.8,1.25,540
2,1500,12,0.0,0.0,1.127451,540.0,280.0,52,540,280,10,12,0.8,1.25,540
2,1562.5,12,0.0,0.0,1.108035,540.0,280.0,52,540,280,10,12,0.8,1.25,540
2,1625,12,0.0,0.0,1.083640,540.0,280.0,52,540,280,10,12,0.8,1.25,540
2,1687.5,12,0.0,0.0,1.057253,540.0,280.0,52,540,280,10,12,0.8,1.25,540
2,1750,12,0.0,0.0,1.031863,540.0,280.0,52,540,280,10,12,0.8,1.25,540
2,0,10,0.0,0.0,1.000000,540.0,280.0,52,540,280,10,12,1.1,0.9,540
2,31.25,10,0.0,0.0,1.001991,540.0,280.0,52,540,280,10,12,1.1,0.9,540
2,62.5,10,0.0,0.0,1.007966,540.0,280.0,52,540,280,10,12,1.1,0.9,540
2,93.75,10,0.0,0.0,1.017923,540.0,280.0,52,540,280,10,12,1.1,0.9,540
2,125,10,0.0,0.0,1.031863,540.0,280.0,52,540,280,10,12,1.1,0.9,540
2,156.25,10,0.0,0.0,1.049786,540.0,280.0,52,540,280,10,12,1.1,0.9,540
2,187.5,10,0.0,0.0,1.071691,540.0,280.0,52,540,280,10,12,1.1,0.9,540
2,218.75,10,0.0,0.0,1.097580,540.0,280.0,52,540,280,10,12,1.1,0.9,540
2,250,10,0.0,0.0,1.127451,540.0,280.0,52,540,280,10,12,1.1,0.9,540
2,281.25,10,0.0,0.0,1.157322,540.0,280.0,52,540,280,10,12,1.1,0.9,540
2,312.5,10,0.0,0.0,1.183211,540.0,280.0,52,540,280,10,12,1.1,0.9,540
2,343.75,10,0.0,0.0,1.205116,540.0,280.0,52,540,280,10,12,1.1,0.9,540
2,375,10,0.0,0.0,1.223039,540.0,280.0,52,540,280,10,12,1.1,0.9,540
2,406.25,10,0.0,0.0,1.236979,540.0,280.0,52,540,280,10,12,1.1,0.9,540
2,437.5,10,0.0,0.0,1.246936,540.0,280.0,52,540,280,10,12,1.1,0.9,540
2,468.75,10,0.0,0.0,1.252911,540.0,280.0,52,540,280,10,12,1.1,0.9,540
2,500,10,0.0,0.0,1.254902,540.0,280.0,52,540,280,10,12,1.1,0.9,540
2,562.5,10,0.0,0.0,1.246936,540.0,280.0,52,540,280,10,12,1.1,0.9,540
2,625,10,0.0,0.0,1.223039,540.0,280.0,52,540,280,10,12,1.1,0.9,540
2,687.5,10,0.0,0.0,1.183211,540.0,280.0,52,540,280,10,12,1.1,0.9,540
2,750,10,0.0,0.0,1.127451,540.0,280.0,52,540,280,10,12,1.1,0.9,540
2,812.5,10,0.0,0.0,1.071691,540.0,280.0,52,540,280,10,12,1.1,0.9,540
2,875,10,0.0,0.0,1.031863,540.0,280.0,52,540,280,10,12,1.1,0.9,540
2,937.5,10,0.0,0.0,1.007966,540.0,280.0,52,540,280,10,12,1.1,0.9,540
2,1000,10,0.0,0.0,1.000000,540.0,280.0,52,540,280,10,12,1.1,0.9,540
2,1062.5,10,0.0,0.0,1.007468,540.0,280.0,52,540,280,10,12,1.1,0.9,540
2,1125,10,0.0,0.0,1.027880,540.0,280.0,52,540,280,10,12,1.1,0.9,540
2,1187.5,10,0.0,0.0,1.058249,540.0,280.0,52,540,280,10,12,1.1,0.9,540
2,1250,10,0.0,0.0,1.095588,540.0,280.0,52,540,280,10,12,1.1,0.9,540
2,1312.5,10,0.0,0.0,1.125957,540.0,280.0,52,540,280,10,12,1.1,0.9,540
2,1375,10,0.0,0.0,1.139400,540.0,280.0,52,540,280,10,12,1.1,0.9,540
2,1437.5,10,0.0,0.0,1.138902,540.0,280.0,52,540,280,10,12,1.1,0.9,540
2,1500,10,0.0,0.0,1.127451,540.0,280.0,52,540,280,10,12,1.1,0.9,540
2,1562.5,10,0.0,0.0,1.108035,540.0,280.0,52,540,280,10,12,1.1,0.9,540
2,1625,10,0.0,0.0,1.083640,540.0,280.0,52,540,280,10,12,1.1,0.9,540
2,1687.5,10,0.0,0.0,1.057253,540.0,280.0,52,540,280,10,12,1.1,0.9,540
2,1750,10,0.0,0.0,1.031863,540.0,280.0,52,540,280,10,12,1.1,0.9,540
2,0,11,0.0,0.0,1.000000,540.0,280.0,52,540,280,10,12,1.1,0.9,540
2,31.25,11,0.0,0.0,1.001991,540.0,280.0,52,540,280,10,12,1.1,0.9,540
2,62.5,11,0.0,0.0,1.007966,540.0,280.0,52,540,280,10,12,1.1,0.9,540
2,93.75,11,0.0,0.0,1.017923,540.0,280.0,52,540,280,10,12,1.1,0.9,540
2,125,11,0.0,0.0,1.031863,540.0,280.0,52,540,280,10,12,1.1,0.9,540
2,156.25,11,0.0,0.0,1.049786,540.0,280.0,52,540,280,10,12,1.1,0.9,540
2,187.5,11,0.0,0.0,1.071691,540.0,280.0,52,540,280,10,12,1.1,0.9,540
2,218.75,11,0.0,0.0,1.097580,540.0,280.0,52,540,280,10,12,1.1,0.9,540
2,250,11,0.0,0.0,1.127451,540.0,280.0,52,540,280,10,12,1.1,0.9,540
2,281.25,11,0.0,0.0,1.157322,540.0,280.0,52,540,280,10,12,1.1,0.9,540
2,312.5,11,0.0,0.0,1.183211,540.0,280.0,52,540,280,10,12,1.1,0.9,540
2,343.75,11,0.0,0.0,1.205116,540.0,280.0,52,540,280,10,12,1.1,0.9,540
2,375,11,0.0,0.0,1.223039,540.0,280.0,52,540,280,10,12,1.1,0.9,540
2,406.25,11,0.0,0.0,1.236979,540.0,280.0,52,540,280,10,12,1.1,0.9,540
2,437.5,11,0.0,0.0,1.246936,540.0,280.0,52,540,280,10,12,1.1,0.9,540
2,468.75,11,0.0,0.0,1.252911,540.0,280.0,52,540,280,10,12,1.1,0.9,540
2,500,11,0.0,0.0,1.254902,540.0,280.0,52,540,280,10,12,1.1,0.9,540
2,562.5,11,0.0,0.0,1.246936,540.0,280.0,52,540,280,10,12,1.1,0.9,540
2,625,11,0.0,0.0,1.223039,540.0,280.0,52,540,280,10,12,1.1,0.9,540
2,687.5,11,0.0,0.0,1.183211,540.0,280.0,52,540,280,10,12,1.1,0.9,540
2,750,11,0.0,0.0,1.127451,540.0,280.0,52,540,280,10,12,1.1,0.9,540
2,812.5,11,0.0,0.0,1.071691,540.0,280.0,52,540,280,10,12,1.1,0.9,540
2,875,11,0.0,0.0,1.031863,540.0,280.0,52,540,280,10,12,1.1,0.9,540
2,937.5,11,0.0,0.0,1.007966,540.0,280.0,52,540,280,10,12,1.1,0.9,540
2,1000,11,0.0,0.0,1.000000,540.0,280.0,52,540,280,10,12,1.1,0.9,540
2,1062.5,11,0.0,0.0,1.007468,540.0,280.0,52,540,280,10,12,1.1,0.9,540
2,1125,11,0.0,0.0,1.027880,540.0,280.0,52,540,280,10,12,1.1,0.9,540
2,1187.5,11,0.0,0.0,1.058249,540.0,280.0,52,540,280,10,12,1.1,0.9,540
2,1250,11,0.0,0.0,1.095588,540.0,280.0,52,540,280,10,12,1.1,0.9,540
2,1312.5,11,0.0,0.0,1.125957,540.0,280.0,52,540,280,10,12,1.1,0.9,540
2,1375,11,0.0,0.0,1.139400,540.0,280.0,52,540,280,10,12,1.1,0.9,540
2,1437.5,11,0.0,0.0,1.138902,540.0,280.0,52,540,280,10,12,1.1,0.9,540
2,1500,11,0.0,0.0,1.127451,540.0,280.0,52,540,280,10,12,1.1,0.9,540
2,1562.5,11,0.0,0.0,1.108035,540.0,280.0,52,540,280,10,12,1.1,0.9,540
2,1625,11,0.0,0.0,1.083640,540.0,280.0,52,540,280,10,12,1.1,0.9,540
2,1687.5,11,0.0,0.0,1.057253,540.0,280.0,52,540,280,10,12,1.1,0.9,540
2,1750,11,0.0,0.0,1.031863,540.0,280.0,52,540,280,10,12,1.1,0.9,540
2,0,12,0.0,0.0,1.000000,540.0,280.0,52,540,280,10,12,1.1,0.9,540
2,31.25,12,0.0,0.0,1.001991,540.0,280.0,52,540,280,10,12,1.1,0.9,540
2,62.5,12,0.0,0.0,1.007966,540.0,280.0,52,540,280,10,12,1.1,0.9,540
2,93.75,12,0.0,0.0,1.017923,540.0,280.0,52,540,280,10,12,1.1,0.9,540
2,125,12,0.0,0.0,1.031863,540.0,280.0,52,540,280,10,12,1.1,0.9,540
2,156.25,12,0.0,0.0,1.049786,540.0,280.0,52,540,280,10,12,1.1,0.9,540
2,187.5,12,0.0,0.0,1.071691,540.0,280.0,52,540,280,10,12,1.1,0.9,540
2,218.75,12,0.0,0.0,1.097580,540.0,280.0,52,540,280,10,12,1.1,0.9,540
2,250,12,0.0,0.0,1.127451,540.0,280.0,52,540,280,10,12,1.1,0.9,540
2,281.25,12,0.0,0.0,1.157322,540.0,280.0,52,540,280,10,12,1.1,0.9,540
2,312.5,12,0.0,0.0,1.183211,540.0,280.0,52,540,280,10,12,1.1,0.9,540
2,343.75,12,0.0,0.0,1.205116,540.0,280.0,52,540,280,10,12,1.1,0.9,540
2,375,12,0.0,0.0,1.223039,540.0,280.0,52,540,280,10,12,1.1,0.9,540
2,406.25,12,0.0,0.0,1.236979,540.0,280.0,52,540,280,10,12,1.1,0.9,540
2,437.5,12,0.0,0.0,1.246936,540.0,280.0,52,540,280,10,12,1.1,0.9,540
2,468.75,12,0.0,0.0,1.252911,540.0,280.0,52,540,280,10,12,1.1,0.9,540
2,500,12,0.0,0.0,1.254902,540.0,280.0,52,540,280,10,12,1.1,0.9,540
2,562.5,12,0.0,0.0,1.246936,540.0,280.0,52,540,280,10,12,1.1,0.9,540
2,625,12,0.0,0.0,1.223039,540.0,280.0,52,540,280,10,12,1.1,0.9,540
2,687.5,12,0.0,0.0,1.183211,540.0,280.0,52,540,280,10,12,1.1,0.9,540
2,750,12,0.0,0.0,1.127451,540.0,280.0,52,540,280,10,12,1.1,0.9,540
2,812.5,12,0.0,0.0,1.071691,540.0,280.0,52,540,280,10,12,1.1,0.9,540
2,875,12,0.0,0.0,1.031863,540.0,280.0,52,540,280,10,12,1.1,0.9,540
2,937.5,12,0.0,0.0,1.007966,540.0,280.0,52,540,280,10,12,1.1,0.9,540
2,1000,12,0.0,0.0,1.000000,540.0,280.0,52,540,280,10,12,1.1,0.9,540
2,1062.5,12,0.0,0.0,1.007468,540.0,280.0,52,540,280,10,12,1.1,0.9,540
2,1125,12,0.0,0.0,1.027880,540.0,280.0,52,540,280,10,12,1.1,0.9,540
2,1187.5,12,0.0,0.0,1.058249,540.0,280.0,52,540,280,10,12,1.1,0.9,540
2,1250,12,0.0,0.0,1.095588,540.0,280.0,52,540,280,10,12,1.1,0.9,540
2,1312.5,12,0.0,0.0,1.125957,540.0,280.0,52,540,280,10,12,1.1,0.9,540
2,1375,12,0.0,0.0,1.139400,540.0,280.0,52,540,280,10,12,1.1,0.9,540
2,1437.5,12,0.0,0.0,1.138902,540.0,280.0,52,540,280,10,12,1.1,0.9,540
2,1500,12,0.0,0.0,1.127451,540.0,280.0,52,540,280,10,12,1.1,0.9,540
2,1562.5,12,0.0,0.0,1.108035,540.0,280.0,52,540,280,10,12,1.1,0.9,540
2,1625,12,0.0,0.0,1.083640,540.0,280.0,52,540,280,10,12,1.1,0.9,540
2,1687.5,12,0.0,0.0,1.057253,540.0,280.0,52,540,280,10,12,1.1,0.9,540
2,1750,12,0.0,0.0,1.031863,540.0,280.0,52,540,280,10,12,1.1,0.9,540
0,0,10,0.000000,0.000000,1.000000,0.0,0.0,22,37,0,10,12,1.35,0.72,0
1,0,10,0.000000,0.000000,1.000000,0.0,0.0,20,3,0,10,12,1.35,0.72,0
0,31.25,10,0.185308,0.074475,1.000000,0.0,0.0,22,37,0,10,12,1.35,0.72,0
1,31.25,10,3.164062,1.687500,1.000000,0.0,0.0,20,3,0,10,12,1.35,0.72,0
0,62.5,10,0.741234,0.297898,1.000000,0.0,0.0,22,37,0,10,12,1.35,0.72,0
1,62.5,10,5.906250,3.150000,1.000000,0.0,0.0,20,3,0,10,12,1.35,0.72,0
0,93.75,10,1.667776,0.670271,1.000000,0.0,0.0,22,37,0,10,12,1.35,0.72,0
1,93.75,10,8.226562,4.387500,1.000000,0.0,0.0,20,3,0,10,12,1.35,0.72,0
0,125,10,2.964934,1.191594,1.000000,0.0,0.0,22,37,0,10,12,1.35,0.72,0
1,125,10,10.125000,5.400000,1.000000,0.0,0.0,20,3,0,10,12,1.35,0.72,0
0,156.25,10,4.632710,1.861865,1.000000,0.0,0.0,22,37,0,10,12,1.35,0.72,0
1,156.25,10,11.601562,6.187500,1.000000,0.0,0.0,20,3,0,10,12,1.35,0.72,0
0,187.5,10,6.671102,2.681086,1.000000,0.0,0.0,22,37,0,10,12,1.35,0.72,0
1,187.5,10,12.656250,6.750000,1.000000,0.0,0.0,20,3,0,10,12,1.35,0.72,0
0,218.75,10,9.080111,3.649256,1.000000,0.0,0.0,22,37,0,10,12,1.35,0.72,0
1,218.75,10,13.289062,7.087500,1.000000,0.0,0.0,20,3,0,10,12,1.35,0.72,0
0,250,10,11.859737,4.766375,1.000000,0.0,0.0,22,37,0,10,12,1.35,0.72,0
1,250,10,13.500000,7.200000,1.000000,0.0,0.0,20,3,0,10,12,1.35,0.72,0
0,281.25,10,14.639363,5.883494,1.000000,0.0,0.0,22,37,0,10,12,1.35,0.72,0
1,281.25,10,13.289062,7.087500,1.000000,0.0,0.0,20,3,0,10,12,1.35,0.72,0
0,312.5,10,17.048372,6.851664,1.000000,0.0,0.0,22,37,0,10,12,1.35,0.72,0
1,312.5,10,12.656250,6.750000,1.000000,0.0,0.0,20,3,0,10,12,1.35,0.72,0
0,343.75,10,19.086765,7.670885,1.000000,0.0,0.0,22,37,0,10,12,1.35,0.72,0
1,343.75,10,11.601562,6.187500,1.000000,0.0,0.0,20,3,0,10,12,1.35,0.72,0
0,375,10,20.754540,8.341156,1.000000,0.0,0.0,22,37,0,10,12,1.35,0.72,0
1,375,10,10.125000,5.400000,1.000000,0.0,0.0,20,3,0,10,12,1.35,0.72,0
0,406.25,10,22.051699,8.862478,1.000000,0.0,0.0,22,37,0,10,12,1.35,0.72,0
1,406.25,10,8.226562,4.387500,1.000000,0.0,0.0,20,3,0,10,12,1.35,0.72,0
0,437.5,10,22.978241,9.234852,1.000000,0.0,0.0,22,37,0,10,12,1.35,0.72,0
1,437.5,10,5.906250,3.150000,1.000000,0.0,0.0,20,3,0,10,12,1.35,0.72,0
0,468.75,10,23.534166,9.458275,1.000000,0.0,0.0,22,37,0,10,12,1.35,0.72,0
1,468.75,10,3.164062,1.687500,1.000000,0.0,0.0,20,3,0,10,12,1.35,0.72,0
0,500,10,23.719475,9.532750,1.000000,0.0,0.0,22,37,0,10,12,1.35,0.72,0
1,500,10,0.000000,0.000000,1.000000,0.0,0.0,20,3,0,10,12,1.35,0.72,0
0,562.5,10,22.978241,9.234852,1.000000,0.0,0.0,22,37,0,10,12,1.35,0.72,0
1,562.5,10,-5.906250,-3.150000,1.000000,0.0,0.0,20,3,0,10,12,1.35,0.72,0
0,625,10,20.754540,8.341156,1.000000,0.0,0.0,22,37,0,10,12,1.35,0.72,0
1,625,10,-10.125000,-5.400000,1.000000,0.0,0.0,20,3,0,10,12,1.35,0.72,0
0,687.5,10,17.048372,6.851664,1.000000,0.0,0.0,22,37,0,10,12,1.35,0.72,0
1,687.5,10,-12.656250,-6.750000,1.000000,0.0,0.0,20,3,0,10,12,1.35,0.72,0
0,750,10,11.859737,4.766375,1.000000,0.0,0.0,22,37,0,10,12,1.35,0.72,0
1,750,10,-13.500000,-7.200000,1.000000,0.0,0.0,20,3,0,10,12,1.35,0.72,0
0,812.5,10,6.671102,2.681086,1.000000,0.0,0.0,22,37,0,10,12,1.35,0.72,0
1,812.5,10,-12.656250,-6.750000,1.000000,0.0,0.0,20,3,0,10,12,1.35,0.72,0
0,875,10,2.964934,1.191594,1.000000,0.0,0.0,22,37,0,10,12,1.35,0.72,0
1,875,10,-10.125000,-5.400000,1.000000,0.0,0.0,20,3,0,10,12,1.35,0.72,0
0,937.5,10,0.741234,0.297898,1.000000,0.0,0.0,22,37,0,10,12,1.35,0.72,0
1,937.5,10,-5.906250,-3.150000,1.000000,0.0,0.0,20,3,0,10,12,1.35,0.72,0
0,1000,10,0.000000,0.000000,1.000000,0.0,0.0,22,37,0,10,12,1.35,0.72,0
1,1000,10,0.000000,0.000000,1.000000,0.0,0.0,20,3,0,10,12,1.35,0.72,0
0,1062.5,10,0.694906,0.279280,1.000000,0.0,0.0,22,37,0,10,12,1.35,0.72,0
1,1062.5,10,5.537109,2.953125,1.000000,0.0,0.0,20,3,0,10,12,1.35,0.72,0
0,1125,10,2.594318,1.042645,1.000000,0.0,0.0,22,37,0,10,12,1.35,0.72,0
1,1125,10,8.859375,4.725000,1.000000,0.0,0.0,20,3,0,10,12,1.35,0.72,0
0,1187.5,10,5.420271,2.178382,1.000000,0.0,0.0,22,37,0,10,12,1.35,0.72,0
1,1187.5,10,10.283203,5.484375,1.000000,0.0,0.0,20,3,0,10,12,1.35,0.72,0
0,1250,10,8.894803,3.574781,1.000000,0.0,0.0,22,37,0,10,12,1.35,0.72,0
1,1250,10,10.125000,5.400000,1.000000,0.0,0.0,20,3,0,10,12,1.35,0.72,0
0,1312.5,10,11.720756,4.710519,1.000000,0.0,0.0,22,37,0,10,12,1.35,0.72,0
1,1312.5,10,8.701172,4.640625,1.000000,0.0,0.0,20,3,0,10,12,1.35,0.72,0
0,1375,10,12.971588,5.213223,1.000000,0.0,0.0,22,37,0,10,12,1.35,0.72,0
1,1375,10,6.328125,3.375000,1.000000,0.0,0.0,20,3,0,10,12,1.35,0.72,0
0,1437.5,10,12.925261,5.194604,1.000000,0.0,0.0,22,37,0,10,12,1.35,0.72,0
1,1437.5,10,3.322266,1.771875,1.000000,0.0,0.0,20,3,0,10,12,1.35,0.72,0
0,1500,10,11.859737,4.766375,1.000000,0.0,0.0,22,37,0,10,12,1.35,0.72,0
1,1500,10,0.000000,0.000000,1.000000,0.0,0.0,20,3,0,10,12,1.35,0.72,0
0,1562.5,10,10.052980,4.040248,1.000000,0.0,0.0,22,37,0,10,12,1.35,0.72,0
1,1562.5,10,-2.583984,-1.378125,1.000000,0.0,0.0,20,3,0,10,12,1.35,0.72,0
0,1625,10,7.782953,3.127934,1.000000,0.0,0.0,22,37,0,10,12,1.35,0.72,0
1,1625,10,-3.796875,-2.025000,1.000000,0.0,0.0,20,3,0,10,12,1.35,0.72,0
0,1687.5,10,5.327616,2.141145,1.000000,0.0,0.0,22,37,0,10,12,1.35,0.72,0
1,1687.5,10,-3.955078,-2.109375,1.000000,0.0,0.0,20,3,0,10,12,1.35,0.72,0
0,1750,10,2.964934,1.191594,1.000000,0.0,0.0,22,37,0,10,12,1.35,0.72,0
1,1750,10,-3.375000,-1.800000,1.000000,0.0,0.0,20,3,0,10,12,1.35,0.72,0
0,0,11,0.000000,0.000000,1.000000,0.0,0.0,22,37,0,10,12,1.35,0.72,0
1,0,11,0.000000,0.000000,1.000000,0.0,0.0,20,3,0,10,12,1.35,0.72,0
0,31.25,11,0.185308,0.074475,1.000000,0.0,0.0,22,37,0,10,12,1.35,0.72,0
1,31.25,11,3.164062,1.687500,1.000000,0.0,0.0,20,3,0,10,12,1.35,0.72,0
0,62.5,11,0.741234,0.297898,1.000000,0.0,0.0,22,37,0,10,12,1.35,0.72,0
1,62.5,11,5.906250,3.150000,1.000000,0.0,0.0,20,3,0,10,12,1.35,0.72,0
0,93.75,11,1.667776,0.670271,1.000000,0.0,0.0,22,37,0,10,12,1.35,0.72,0
1,93.75,11,8.226562,4.387500,1.000000,0.0,0.0,20,3,0,10,12,1.35,0.72,0
0,125,11,2.964934,1.191594,1.000000,0.0,0.0,22,37,0,10,12,1.35,0.72,0
1,125,11,10.125000,5.400000,1.000000,0.0,0.0,20,3,0,10,12,1.35,0.72,0
0,156.25,11,4.632710,1.861865,1.000000,0.0,0.0,22,37,0,10,12,1.35,0.72,0
1,156.25,11,11.601562,6.187500,1.000000,0.0,0.0,20,3,0,10,12,1.35,0.72,0
0,187.5,11,6.671102,2.681086,1.000000,0.0,0.0,22,37,0,10,12,1.35,0.72,0
1,187.5,11,12.656250,6.750000,1.000000,0.0,0.0,20,3,0,10,12,1.35,0.72,0
0,218.75,11,9.080111,3.649256,1.000000,0.0,0.0,22,37,0,10,12,1.35,0.72,0
1,218.75,11,13.289062,7.087500,1.000000,0.0,0.0,20,3,0,10,12,1.35,0.72,0
0,250,11,11.859737,4.766375,1.000000,0.0,0.0,22,37,0,10,12,1.35,0.72,0
1,250,11,13.500000,7.200000,1.000000,0.0,0.0,20,3,0,10,12,1.35,0.72,0
0,281.25,11,14.639363,5.883494,1.000000,0.0,0.0,22,37,0,10,12,1.35,0.72,0
1,281.25,11,13.289062,7.087500,1.000000,0.0,0.0,20,3,0,10,12,1.35,0.72,0
0,312.5,11,17.048372,6.851664,1.000000,0.0,0.0,22,37,0,10,12,1.35,0.72,0
1,312.5,11,12.656250,6.750000,1.000000,0.0,0.0,20,3,0,10,12,1.35,0.72,0
0,343.75,11,19.086765,7.670885,1.000000,0.0,0.0,22,37,0,10,12,1.35,0.72,0
1,343.75,11,11.601562,6.187500,1.000000,0.0,0.0,20,3,0,10,12,1.35,0.72,0
0,375,11,20.754540,8.341156,1.000000,0.0,0.0,22,37,0,10,12,1.35,0.72,0
1,375,11,10.125000,5.400000,1.000000,0.0,0.0,20,3,0,10,12,1.35,0.72,0
0,406.25,11,22.051699,8.862478,1.000000,0.0,0.0,22,37,0,10,12,1.35,0.72,0
1,406.25,11,8.226562,4.387500,1.000000,0.0,0.0,20,3,0,10,12,1.35,0.72,0
0,437.5,11,22.978241,9.234852,1.000000,0.0,0.0,22,37,0,10,12,1.35,0.72,0
1,437.5,11,5.906250,3.150000,1.000000,0.0,0.0,20,3,0,10,12,1.35,0.72,0
0,468.75,11,23.534166,9.458275,1.000000,0.0,0.0,22,37,0,10,12,1.35,0.72,0
1,468.75,11,3.164062,1.687500,1.000000,0.0,0.0,20,3,0,10,12,1.35,0.72,0
0,500,11,23.719475,9.532750,1.000000,0.0,0.0,22,37,0,10,12,1.35,0.72,0
1,500,11,0.000000,0.000000,1.000000,0.0,0.0,20,3,0,10,12,1.35,0.72,0
0,562.5,11,22.978241,9.234852,1.000000,0.0,0.0,22,37,0,10,12,1.35,0.72,0
1,562.5,11,-5.906250,-3.150000,1.000000,0.0,0.0,20,3,0,10,12,1.35,0.72,0
0,625,11,20.754540,8.341156,1.000000,0.0,0.0,22,37,0,10,12,1.35,0.72,0
1,625,11,-10.125000,-5.400000,1.000000,0.0,0.0,20,3,0,10,12,1.35,0.72,0
0,687.5,11,17.048372,6.851664,1.000000,0.0,0.0,22,37,0,10,12,1.35,0.72,0
1,687.5,11,-12.656250,-6.750000,1.000000,0.0,0.0,20,3,0,10,12,1.35,0.72,0
0,750,11,11.859737,4.766375,1.000000,0.0,0.0,22,37,0,10,12,1.35,0.72,0
1,750,11,-13.500000,-7.200000,1.000000,0.0,0.0,20,3,0,10,12,1.35,0.72,0
0,812.5,11,6.671102,2.681086,1.000000,0.0,0.0,22,37,0,10,12,1.35,0.72,0
1,812.5,11,-12.656250,-6.750000,1.000000,0.0,0.0,20,3,0,10,12,1.35,0.72,0
0,875,11,2.964934,1.191594,1.000000,0.0,0.0,22,37,0,10,12,1.35,0.72,0
1,875,11,-10.125000,-5.400000,1.000000,0.0,0.0,20,3,0,10,12,1.35,0.72,0
0,937.5,11,0.741234,0.297898,1.000000,0.0,0.0,22,37,0,10,12,1.35,0.72,0
1,937.5,11,-5.906250,-3.150000,1.000000,0.0,0.0,20,3,0,10,12,1.35,0.72,0
0,1000,11,0.000000,0.000000,1.000000,0.0,0.0,22,37,0,10,12,1.35,0.72,0
1,1000,11,0.000000,0.000000,1.000000,0.0,0.0,20,3,0,10,12,1.35,0.72,0
0,1062.5,11,0.694906,0.279280,1.000000,0.0,0.0,22,37,0,10,12,1.35,0.72,0
1,1062.5,11,5.537109,2.953125,1.000000,0.0,0.0,20,3,0,10,12,1.35,0.72,0
0,1125,11,2.594318,1.042645,1.000000,0.0,0.0,22,37,0,10,12,1.35,0.72,0
1,1125,11,8.859375,4.725000,1.000000,0.0,0.0,20,3,0,10,12,1.35,0.72,0
0,1187.5,11,5.420271,2.178382,1.000000,0.0,0.0,22,37,0,10,12,1.35,0.72,0
1,1187.5,11,10.283203,5.484375,1.000000,0.0,0.0,20,3,0,10,12,1.35,0.72,0
0,1250,11,8.894803,3.574781,1.000000,0.0,0.0,22,37,0,10,12,1.35,0.72,0
1,1250,11,10.125000,5.400000,1.000000,0.0,0.0,20,3,0,10,12,1.35,0.72,0
0,1312.5,11,11.720756,4.710519,1.000000,0.0,0.0,22,37,0,10,12,1.35,0.72,0
1,1312.5,11,8.701172,4.640625,1.000000,0.0,0.0,20,3,0,10,12,1.35,0.72,0
0,1375,11,12.971588,5.213223,1.000000,0.0,0.0,22,37,0,10,12,1.35,0.72,0
1,1375,11,6.328125,3.375000,1.000000,0.0,0.0,20,3,0,10,12,1.35,0.72,0
0,1437.5,11,12.925261,5.194604,1.000000,0.0,0.0,22,37,0,10,12,1.35,0.72,0
1,1437.5,11,3.322266,1.771875,1.000000,0.0,0.0,20,3,0,10,12,1.35,0.72,0
0,1500,11,11.859737,4.766375,1.000000,0.0,0.0,22,37,0,10,12,1.35,0.72,0
1,1500,11,0.000000,0.000000,1.000000,0.0,0.0,20,3,0,10,12,1.35,0.72,0
0,1562.5,11,10.052980,4.040248,1.000000,0.0,0.0,22,37,0,10,12,1.35,0.72,0
1,1562.5,11,-2.583984,-1.378125,1.000000,0.0,0.0,20,3,0,10,12,1.35,0.72,0
0,1625,11,7.782953,3.127934,1.000000,0.0,0.0,22,37,0,10,12,1.35,0.72,0
1,1625,11,-3.796875,-2.025000,1.000000,0.0,0.0,20,3,0,10,12,1.35,0.72,0
0,1687.5,11,5.327616,2.141145,1.000000,0.0,0.0,22,37,0,10,12,1.35,0.72,0
1,1687.5,11,-3.955078,-2.109375,1.000000,0.0,0.0,20,3,0,10,12,1.35,0.72,0
0,1750,11,2.964934,1.191594,1.000000,0.0,0.0,22,37,0,10,12,1.35,0.72,0
1,1750,11,-3.375000,-1.800000,1.000000,0.0,0.0,20,3,0,10,12,1.35,0.72,0
0,0,12,0.000000,0.000000,1.000000,0.0,0.0,22,37,0,10,12,1.35,0.72,0
1,0,12,0.000000,0.000000,1.000000,0.0,0.0,20,3,0,10,12,1.35,0.72,0
0,31.25,12,0.185308,0.074475,1.000000,0.0,0.0,22,37,0,10,12,1.35,0.72,0
1,31.25,12,3.164062,1.687500,1.000000,0.0,0.0,20,3,0,10,12,1.35,0.72,0
0,62.5,12,0.741234,0.297898,1.000000,0.0,0.0,22,37,0,10,12,1.35,0.72,0
1,62.5,12,5.906250,3.150000,1.000000,0.0,0.0,20,3,0,10,12,1.35,0.72,0
0,93.75,12,1.667776,0.670271,1.000000,0.0,0.0,22,37,0,10,12,1.35,0.72,0
1,93.75,12,8.226562,4.387500,1.000000,0.0,0.0,20,3,0,10,12,1.35,0.72,0
0,125,12,2.964934,1.191594,1.000000,0.0,0.0,22,37,0,10,12,1.35,0.72,0
1,125,12,10.125000,5.400000,1.000000,0.0,0.0,20,3,0,10,12,1.35,0.72,0
0,156.25,12,4.632710,1.861865,1.000000,0.0,0.0,22,37,0,10,12,1.35,0.72,0
1,156.25,12,11.601562,6.187500,1.000000,0.0,0.0,20,3,0,10,12,1.35,0.72,0
0,187.5,12,6.671102,2.681086,1.000000,0.0,0.0,22,37,0,10,12,1.35,0.72,0
1,187.5,12,12.656250,6.750000,1.000000,0.0,0.0,20,3,0,10,12,1.35,0.72,0
0,218.75,12,9.080111,3.649256,1.000000,0.0,0.0,22,37,0,10,12,1.35,0.72,0
1,218.75,12,13.289062,7.087500,1.000000,0.0,0.0,20,3,0,10,12,1.35,0.72,0
0,250,12,11.859737,4.766375,1.000000,0.0,0.0,22,37,0,10,12,1.35,0.72,0
1,250,12,13.500000,7.200000,1.000000,0.0,0.0,20,3,0,10,12,1.35,0.72,0
0,281.25,12,14.639363,5.883494,1.000000,0.0,0.0,22,37,0,10,12,1.35,0.72,0
1,281.25,12,13.289062,7.087500,1.000000,0.0,0.0,20,3,0,10,12,1.35,0.72,0
0,312.5,12,17.048372,6.851664,1.000000,0.0,0.0,22,37,0,10,12,1.35,0.72,0
1,312.5,12,12.656250,6.750000,1.000000,0.0,0.0,20,3,0,10,12,1.35,0.72,0
0,343.75,12,19.086765,7.670885,1.000000,0.0,0.0,22,37,0,10,12,1.35,0.72,0
1,343.75,12,11.601562,6.187500,1.000000,0.0,0.0,20,3,0,10,12,1.35,0.72,0
0,375,12,20.754540,8.341156,1.000000,0.0,0.0,22,37,0,10,12,1.35,0.72,0
1,375,12,10.125000,5.400000,1.000000,0.0,0.0,20,3,0,10,12,1.35,0.72,0
0,406.25,12,22.051699,8.862478,1.000000,0.0,0.0,22,37,0,10,12,1.35,0.72,0
1,406.25,12,8.226562,4.387500,1.000000,0.0,0.0,20,3,0,10,12,1.35,0.72,0
0,437.5,12,22.978241,9.234852,1.000000,0.0,0.0,22,37,0,10,12,1.35,0.72,0
1,437.5,12,5.906250,3.150000,1.000000,0.0,0.0,20,3,0,10,12,1.35,0.72,0
0,468.75,12,23.534166,9.458275,1.000000,0.0,0.0,22,37,0,10,12,1.35,0.72,0
1,468.75,12,3.164062,1.687500,1.000000,0.0,0.0,20,3,0,10,12,1.35,0.72,0
0,500,12,23.719475,9.532750,1.000000,0.0,0.0,22,37,0,10,12,1.35,0.72,0
1,500,12,0.000000,0.000000,1.000000,0.0,0.0,20,3,0,10,12,1.35,0.72,0
0,562.5,12,22.978241,9.234852,1.000000,0.0,0.0,22,37,0,10,12,1.35,0.72,0
1,562.5,12,-5.906250,-3.150000,1.000000,0.0,0.0,20,3,0,10,12,1.35,0.72,0
0,625,12,20.754540,8.341156,1.000000,0.0,0.0,22,37,0,10,12,1.35,0.72,0
1,625,12,-10.125000,-5.400000,1.000000,0.0,0.0,20,3,0,10,12,1.35,0.72,0
0,687.5,12,17.048372,6.851664,1.000000,0.0,0.0,22,37,0,10,12,1.35,0.72,0
1,687.5,12,-12.656250,-6.750000,1.000000,0.0,0.0,20,3,0,10,12,1.35,0.72,0
0,750,12,11.859737,4.766375,1.000000,0.0,0.0,22,37,0,10,12,1.35,0.72,0
1,750,12,-13.500000,-7.200000,1.000000,0.0,0.0,20,3,0,10,12,1.35,0.72,0
0,812.5,12,6.671102,2.681086,1.000000,0.0,0.0,22,37,0,10,12,1.35,0.72,0
1,812.5,12,-12.656250,-6.750000,1.000000,0.0,0.0,20,3,0,10,12,1.35,0.72,0
0,875,12,2.964934,1.191594,1.000000,0.0,0.0,22,37,0,10,12,1.35,0.72,0
1,875,12,-10.125000,-5.400000,1.000000,0.0,0.0,20,3,0,10,12,1.35,0.72,0
0,937.5,12,0.741234,0.297898,1.000000,0.0,0.0,22,37,0,10,12,1.35,0.72,0
1,937.5,12,-5.906250,-3.150000,1.000000,0.0,0.0,20,3,0,10,12,1.35,0.72,0
0,1000,12,0.000000,0.000000,1.000000,0.0,0.0,22,37,0,10,12,1.35,0.72,0
1,1000,12,0.000000,0.000000,1.000000,0.0,0.0,20,3,0,10,12,1.35,0.72,0
0,1062.5,12,0.694906,0.279280,1.000000,0.0,0.0,22,37,0,10,12,1.35,0.72,0
1,1062.5,12,5.537109,2.953125,1.000000,0.0,0.0,20,3,0,10,12,1.35,0.72,0
0,1125,12,2.594318,1.042645,1.000000,0.0,0.0,22,37,0,10,12,1.35,0.72,0
1,1125,12,8.859375,4.725000,1.000000,0.0,0.0,20,3,0,10,12,1.35,0.72,0
0,1187.5,12,5.420271,2.178382,1.000000,0.0,0.0,22,37,0,10,12,1.35,0.72,0
1,1187.5,12,10.283203,5.484375,1.000000,0.0,0.0,20,3,0,10,12,1.35,0.72,0
0,1250,12,8.894803,3.574781,1.000000,0.0,0.0,22,37,0,10,12,1.35,0.72,0
1,1250,12,10.125000,5.400000,1.000000,0.0,0.0,20,3,0,10,12,1.35,0.72,0
0,1312.5,12,11.720756,4.710519,1.000000,0.0,0.0,22,37,0,10,12,1.35,0.72,0
1,1312.5,12,8.701172,4.640625,1.000000,0.0,0.0,20,3,0,10,12,1.35,0.72,0
0,1375,12,12.971588,5.213223,1.000000,0.0,0.0,22,37,0,10,12,1.35,0.72,0
1,1375,12,6.328125,3.375000,1.000000,0.0,0.0,20,3,0,10,12,1.35,0.72,0
0,1437.5,12,12.925261,5.194604,1.000000,0.0,0.0,22,37,0,10,12,1.35,0.72,0
1,1437.5,12,3.322266,1.771875,1.000000,0.0,0.0,20,3,0,10,12,1.35,0.72,0
0,1500,12,11.859737,4.766375,1.000000,0.0,0.0,22,37,0,10,12,1.35,0.72,0
1,1500,12,0.000000,0.000000,1.000000,0.0,0.0,20,3,0,10,12,1.35,0.72,0
0,1562.5,12,10.052980,4.040248,1.000000,0.0,0.0,22,37,0,10,12,1.35,0.72,0
1,1562.5,12,-2.583984,-1.378125,1.000000,0.0,0.0,20,3,0,10,12,1.35,0.72,0
0,1625,12,7.782953,3.127934,1.000000,0.0,0.0,22,37,0,10,12,1.35,0.72,0
1,1625,12,-3.796875,-2.025000,1.000000,0.0,0.0,20,3,0,10,12,1.35,0.72,0
0,1687.5,12,5.327616,2.141145,1.000000,0.0,0.0,22,37,0,10,12,1.35,0.72,0
1,1687.5,12,-3.955078,-2.109375,1.000000,0.0,0.0,20,3,0,10,12,1.35,0.72,0
0,1750,12,2.964934,1.191594,1.000000,0.0,0.0,22,37,0,10,12,1.35,0.72,0
1,1750,12,-3.375000,-1.800000,1.000000,0.0,0.0,20,3,0,10,12,1.35,0.72,0
0,0,10,0.000000,0.000000,1.000000,0.0,0.0,22,37,0,10,12,0.8,1.25,0
1,0,10,0.000000,0.000000,1.000000,0.0,0.0,20,3,0,10,12,0.8,1.25,0
0,31.25,10,0.109812,0.129296,1.000000,0.0,0.0,22,37,0,10,12,0.8,1.25,0
1,31.25,10,1.875000,2.929688,1.000000,0.0,0.0,20,3,0,10,12,0.8,1.25,0
0,62.5,10,0.439250,0.517185,1.000000,0.0,0.0,22,37,0,10,12,0.8,1.25,0
1,62.5,10,3.500000,5.468750,1.000000,0.0,0.0,20,3,0,10,12,0.8,1.25,0
0,93.75,10,0.988311,1.163666,1.000000,0.0,0.0,22,37,0,10,12,0.8,1.25,0
1,93.75,10,4.875000,7.617188,1.000000,0.0,0.0,20,3,0,10,12,0.8,1.25,0
0,125,10,1.756998,2.068739,1.000000,0.0,0.0,22,37,0,10,12,0.8,1.25,0
1,125,10,6.000000,9.375000,1.000000,0.0,0.0,20,3,0,10,12,0.8,1.25,0
0,156.25,10,2.745310,3.232405,1.000000,0.0,0.0,22,37,0,10,12,0.8,1.25,0
1,156.25,10,6.875000,10.742188,1.000000,0.0,0.0,20,3,0,10,12,0.8,1.25,0
0,187.5,10,3.953246,4.654663,1.000000,0.0,0.0,22,37,0,10,12,0.8,1.25,0
1,187.5,10,7.500000,11.718750,1.000000,0.0,0.0,20,3,0,10,12,0.8,1.25,0
0,218.75,10,5.380807,6.335514,1.000000,0.0,0.0,22,37,0,10,12,0.8,1.25,0
1,218.75,10,7.875000,12.304688,1.000000,0.0,0.0,20,3,0,10,12,0.8,1.25,0
0,250,10,7.027992,8.274957,1.000000,0.0,0.0,22,37,0,10,12,0.8,1.25,0
1,250,10,8.000000,12.500000,1.000000,0.0,0.0,20,3,0,10,12,0.8,1.25,0
0,281.25,10,8.675178,10.214400,1.000000,0.0,0.0,22,37,0,10,12,0.8,1.25,0
1,281.25,10,7.875000,12.304688,1.000000,0.0,0.0,20,3,0,10,12,0.8,1.25,0
0,312.5,10,10.102739,11.895250,1.000000,0.0,0.0,22,37,0,10,12,0.8,1.25,0
1,312.5,10,7.500000,11.718750,1.000000,0.0,0.0,20,3,0,10,12,0.8,1.25,0
0,343.75,10,11.310675,13.317508,1.000000,0.0,0.0,22,37,0,10,12,0.8,1.25,0
1,343.75,10,6.875000,10.742188,1.000000,0.0,0.0,20,3,0,10,12,0.8,1.25,0
0,375,10,12.298987,14.481174,1.000000,0.0,0.0,22,37,0,10,12,0.8,1.25,0
1,375,10,6.000000,9.375000,1.000000,0.0,0.0,20,3,0,10,12,0.8,1.25,0
0,406.25,10,13.067674,15.386247,1.000000,0.0,0.0,22,37,0,10,12,0.8,1.25,0
1,406.25,10,4.875000,7.617188,1.000000,0.0,0.0,20,3,0,10,12,0.8,1.25,0
0,437.5,10,13.616735,16.032728,1.000000,0.0,0.0,22,37,0,10,12,0.8,1.25,0
1,437.5,10,3.500000,5.468750,1.000000,0.0,0.0,20,3,0,10,12,0.8,1.25,0
0,468.75,10,13.946173,16.420617,1.000000,0.0,0.0,22,37,0,10,12,0.8,1.25,0
1,468.75,10,1.875000,2.929688,1.000000,0.0,0.0,20,3,0,10,12,0.8,1.25,0
0,500,10,14.055985,16.549913,1.000000,0.0,0.0,22,37,0,10,12,0.8,1.25,0
1,500,10,0.000000,0.000000,1.000000,0.0,0.0,20,3,0,10,12,0.8,1.25,0
0,562.5,10,13.616735,16.032728,1.000000,0.0,0.0,22,37,0,10,12,0.8,1.25,0
1,562.5,10,-3.500000,-5.468750,1.000000,0.0,0.0,20,3,0,10,12,0.8,1.25,0
0,625,10,12.298987,14.481174,1.000000,0.0,0.0,22,37,0,10,12,0.8,1.25,0
1,625,10,-6.000000,-9.375000,1.000000,0.0,0.0,20,3,0,10,12,0.8,1.25,0
0,687.5,10,10.102739,11.895250,1.000000,0.0,0.0,22,37,0,10,12,0.8,1.25,0
1,687.5,10,-7.500000,-11.718750,1.000000,0.0,0.0,20,3,0,10,12,0.8,1.25,0
0,750,10,7.027992,8.274957,1.000000,0.0,0.0,22,37,0,10,12,0.8,1.25,0
1,750,10,-8.000000,-12.500000,1.000000,0.0,0.0,20,3,0,10,12,0.8,1.25,0
0,812.5,10,3.953246,4.654663,1.000000,0.0,0.0,22,37,0,10,12,0.8,1.25,0
1,812.5,10,-7.500000,-11.718750,1.000000,0.0,0.0,20,3,0,10,12,0.8,1.25,0
0,875,10,1.756998,2.068739,1.000000,0.0,0.0,22,37,0,10,12,0.8,1.25,0
1,875,10,-6.000000,-9.375000,1.000000,0.0,0.0,20,3,0,10,12,0.8,1.25,0
0,937.5,10,0.439250,0.517185,1.000000,0.0,0.0,22,37,0,10,12,0.8,1.25,0
1,937.5,10,-3.500000,-5.468750,1.000000,0.0,0.0,20,3,0,10,12,0.8,1.25,0
0,1000,10,0.000000,0.000000,1.000000,0.0,0.0,22,37,0,10,12,0.8,1.25,0
1,1000,10,0.000000,0.000000,1.000000,0.0,0.0,20,3,0,10,12,0.8,1.25,0
0,1062.5,10,0.411796,0.484861,1.000000,0.0,0.0,22,37,0,10,12,0.8,1.25,0
1,1062.5,10,3.281250,5.126953,1.000000,0.0,0.0,20,3,0,10,12,0.8,1.25,0
0,1125,10,1.537373,1.810147,1.000000,0.0,0.0,22,37,0,10,12,0.8,1.25,0
1,1125,10,5.250000,8.203125,1.000000,0.0,0.0,20,3,0,10,12,0.8,1.25,0
0,1187.5,10,3.212012,3.781914,1.000000,0.0,0.0,22,37,0,10,12,0.8,1.25,0
1,1187.5,10,6.093750,9.521484,1.000000,0.0,0.0,20,3,0,10,12,0.8,1.25,0
0,1250,10,5.270994,6.206217,1.000000,0.0,0.0,22,37,0,10,12,0.8,1.25,0
1,1250,10,6.000000,9.375000,1.000000,0.0,0.0,20,3,0,10,12,0.8,1.25,0
0,1312.5,10,6.945633,8.177984,1.000000,0.0,0.0,22,37,0,10,12,0.8,1.25,0
1,1312.5,10,5.156250,8.056641,1.000000,0.0,0.0,20,3,0,10,12,0.8,1.25,0
0,1375,10,7.686867,9.050734,1.000000,0.0,0.0,22,37,0,10,12,0.8,1.25,0
1,1375,10,3.750000,5.859375,1.000000,0.0,0.0,20,3,0,10,12,0.8,1.25,0
0,1437.5,10,7.659414,9.018410,1.000000,0.0,0.0,22,37,0,10,12,0.8,1.25,0
1,1437.5,10,1.968750,3.076172,1.000000,0.0,0.0,20,3,0,10,12,0.8,1.25,0
0,1500,10,7.027992,8.274957,1.000000,0.0,0.0,22,37,0,10,12,0.8,1.25,0
1,1500,10,0.000000,0.000000,1.000000,0.0,0.0,20,3,0,10,12,0.8,1.25,0
0,1562.5,10,5.957322,7.014319,1.000000,0.0,0.0,22,37,0,10,12,0.8,1.25,0
1,1562.5,10,-1.531250,-2.392578,1.000000,0.0,0.0,20,3,0,10,12,0.8,1.25,0
0,1625,10,4.612120,5.430440,1.000000,0.0,0.0,22,37,0,10,12,0.8,1.25,0
1,1625,10,-2.250000,-3.515625,1.000000,0.0,0.0,20,3,0,10,12,0.8,1.25,0
0,1687.5,10,3.157106,3.717266,1.000000,0.0,0.0,22,37,0,10,12,0.8,1.25,0
1,1687.5,10,-2.343750,-3.662109,1.000000,0.0,0.0,20,3,0,10,12,0.8,1.25,0
0,1750,10,1.756998,2.068739,1.000000,0.0,0.0,22,37,0,10,12,0.8,1.25,0
1,1750,10,-2.000000,-3.125000,1.000000,0.0,0.0,20,3,0,10,12,0.8,1.25,0
0,0,11,0.000000,0.000000,1.000000,0.0,0.0,22,37,0,10,12,0.8,1.25,0
1,0,11,0.000000,0.000000,1.000000,0.0,0.0,20,3,0,10,12,0.8,1.25,0
0,31.25,11,0.109812,0.129296,1.000000,0.0,0.0,22,37,0,10,12,0.8,1.25,0
1,31.25,11,1.875000,2.929688,1.000000,0.0,0.0,20,3,0,10,12,0.8,1.25,0
0,62.5,11,0.439250,0.517185,1.000000,0.0,0.0,22,37,0,10,12,0.8,1.25,0
1,62.5,11,3.500000,5.468750,1.000000,0.0,0.0,20,3,0,10,12,0.8,1.25,0
0,93.75,11,0.988311,1.163666,1.000000,0.0,0.0,22,37,0,10,12,0.8,1.25,0
1,93.75,11,4.875000,7.617188,1.000000,0.0,0.0,20,3,0,10,12,0.8,1.25,0
0,125,11,1.756998,2.068739,1.000000,0.0,0.0,22,37,0,10,12,0.8,1.25,0
1,125,11,6.000000,9.375000,1.000000,0.0,0.0,20,3,0,10,12,0.8,1.25,0
0,156.25,11,2.745310,3.232405,1.000000,0.0,0.0,22,37,0,10,12,0.8,1.25,0
1,156.25,11,6.875000,10.742188,1.000000,0.0,0.0,20,3,0,10,12,0.8,1.25,0
0,187.5,11,3.953246,4.654663,1.000000,0.0,0.0,22,37,0,10,12,0.8,1.25,0
1,187.5,11,7.500000,11.718750,1.000000,0.0,0.0,20,3,0,10,12,0.8,1.25,0
0,218.75,11,5.380807,6.335514,1.000000,0.0,0.0,22,37,0,10,12,0.8,1.25,0
1,218.75,11,7.875000,12.304688,1.000000,0.0,0.0,20,3,0,10,12,0.8,1.25,0
0,250,11,7.027992,8.274957,1.000000,0.0,0.0,22,37,0,10,12,0.8,1.25,0
1,250,11,8.000000,12.500000,1.000000,0.0,0.0,20,3,0,10,12,0.8,1.25,0
0,281.25,11,8.675178,10.214400,1.000000,0.0,0.0,22,37,0,10,12,0.8,1.25,0
1,281.25,11,7.875000,12.304688,1.000000,0.0,0.0,20,3,0,10,12,0.8,1.25,0
0,312.5,11,10.102739,11.895250,1.000000,0.0,0.0,22,37,0,10,12,0.8,1.25,0
1,312.5,11,7.500000,11.718750,1.000000,0.0,0.0,20,3,0,10,12,0.8,1.25,0
0,343.75,11,11.310675,13.317508,1.000000,0.0,0.0,22,37,0,10,12,0.8,1.25,0
1,343.75,11,6.875000,10.742188,1.000000,0.0,0.0,20,3,0,10,12,0.8,1.25,0
0,375,11,12.298987,14.481174,1.000000,0.0,0.0,22,37,0,10,12,0.8,1.25,0
1,375,11,6.000000,9.375000,1.000000,0.0,0.0,20,3,0,10,12,0.8,1.25,0
0,406.25,11,13.067674,15.386247,1.000000,0.0,0.0,22,37,0,10,12,0.8,1.25,0
1,406.25,11,4.875000,7.617188,1.000000,0.0,0.0,20,3,0,10,12,0.8,1.25,0
0,437.5,11,13.616735,16.032728,1.000000,0.0,0.0,22,37,0,10,12,0.8,1.25,0
1,437.5,11,3.500000,5.468750,1.000000,0.0,0.0,20,3,0,10,12,0.8,1.25,0
0,468.75,11,13.946173,16.420617,1.000000,0.0,0.0,22,37,0,10,12,0.8,1.25,0
1,468.75,11,1.875000,2.929688,1.000000,0.0,0.0,20,3,0,10,12,0.8,1.25,0
0,500,11,14.055985,16.549913,1.000000,0.0,0.0,22,37,0,10,12,0.8,1.25,0
1,500,11,0.000000,0.000000,1.000000,0.0,0.0,20,3,0,10,12,0.8,1.25,0
0,562.5,11,13.616735,16.032728,1.000000,0.0,0.0,22,37,0,10,12,0.8,1.25,0
1,562.5,11,-3.500000,-5.468750,1.000000,0.0,0.0,20,3,0,10,12,0.8,1.25,0
0,625,11,12.298987,14.481174,1.000000,0.0,0.0,22,37,0,10,12,0.8,1.25,0
1,625,11,-6.000000,-9.375000,1.000000,0.0,0.0,20,3,0,10,12,0.8,1.25,0
0,687.5,11,10.102739,11.895250,1.000000,0.0,0.0,22,37,0,10,12,0.8,1.25,0
1,687.5,11,-7.500000,-11.718750,1.000000,0.0,0.0,20,3,0,10,12,0.8,1.25,0
0,750,11,7.027992,8.274957,1.000000,0.0,0.0,22,37,0,10,12,0.8,1.25,0
1,750,11,-8.000000,-12.500000,1.000000,0.0,0.0,20,3,0,10,12,0.8,1.25,0
0,812.5,11,3.953246,4.654663,1.000000,0.0,0.0,22,37,0,10,12,0.8,1.25,0
1,812.5,11,-7.500000,-11.718750,1.000000,0.0,0.0,20,3,0,10,12,0.8,1.25,0
0,875,11,1.756998,2.068739,1.000000,0.0,0.0,22,37,0,10,12,0.8,1.25,0
1,875,11,-6.000000,-9.375000,1.000000,0.0,0.0,20,3,0,10,12,0.8,1.25,0
0,937.5,11,0.439250,0.517185,1.000000,0.0,0.0,22,37,0,10,12,0.8,1.25,0
1,937.5,11,-3.500000,-5.468750,1.000000,0.0,0.0,20,3,0,10,12,0.8,1.25,0
0,1000,11,0.000000,0.000000,1.000000,0.0,0.0,22,37,0,10,12,0.8,1.25,0
1,1000,11,0.000000,0.000000,1.000000,0.0,0.0,20,3,0,10,12,0.8,1.25,0
0,1062.5,11,0.411796,0.484861,1.000000,0.0,0.0,22,37,0,10,12,0.8,1.25,0
1,1062.5,11,3.281250,5.126953,1.000000,0.0,0.0,20,3,0,10,12,0.8,1.25,0
0,1125,11,1.537373,1.810147,1.000000,0.0,0.0,22,37,0,10,12,0.8,1.25,0
1,1125,11,5.250000,8.203125,1.000000,0.0,0.0,20,3,0,10,12,0.8,1.25,0
0,1187.5,11,3.212012,3.781914,1.000000,0.0,0.0,22,37,0,10,12,0.8,1.25,0
1,1187.5,11,6.093750,9.521484,1.000000,0.0,0.0,20,3,0,10,12,0.8,1.25,0
0,1250,11,5.270994,6.206217,1.000000,0.0,0.0,22,37,0,10,12,0.8,1.25,0
1,1250,11,6.000000,9.375000,1.000000,0.0,0.0,20,3,0,10,12,0.8,1.25,0
0,1312.5,11,6.945633,8.177984,1.000000,0.0,0.0,22,37,0,10,12,0.8,1.25,0
1,1312.5,11,5.156250,8.056641,1.000000,0.0,0.0,20,3,0,10,12,0.8,1.25,0
0,1375,11,7.686867,9.050734,1.000000,0.0,0.0,22,37,0,10,12,0.8,1.25,0
1,1375,11,3.750000,5.859375,1.000000,0.0,0.0,20,3,0,10,12,0.8,1.25,0
0,1437.5,11,7.659414,9.018410,1.000000,0.0,0.0,22,37,0,10,12,0.8,1.25,0
1,1437.5,11,1.968750,3.076172,1.000000,0.0,0.0,20,3,0,10,12,0.8,1.25,0
0,1500,11,7.027992,8.274957,1.000000,0.0,0.0,22,37,0,10,12,0.8,1.25,0
1,1500,11,0.000000,0.000000,1.000000,0.0,0.0,20,3,0,10,12,0.8,1.25,0
0,1562.5,11,5.957322,7.014319,1.000000,0.0,0.0,22,37,0,10,12,0.8,1.25,0
1,1562.5,11,-1.531250,-2.392578,1.000000,0.0,0.0,20,3,0,10,12,0.8,1.25,0
0,1625,11,4.612120,5.430440,1.000000,0.0,0.0,22,37,0,10,12,0.8,1.25,0
1,1625,11,-2.250000,-3.515625,1.000000,0.0,0.0,20,3,0,10,12,0.8,1.25,0
0,1687.5,11,3.157106,3.717266,1.000000,0.0,0.0,22,37,0,10,12,0.8,1.25,0
1,1687.5,11,-2.343750,-3.662109,1.000000,0.0,0.0,20,3,0,10,12,0.8,1.25,0
0,1750,11,1.756998,2.068739,1.000000,0.0,0.0,22,37,0,10,12,0.8,1.25,0
1,1750,11,-2.000000,-3.125000,1.000000,0.0,0.0,20,3,0,10,12,0.8,1.25,0
0,0,12,0.000000,0.000000,1.000000,0.0,0.0,22,37,0,10,12,0.8,1.25,0
1,0,12,0.000000,0.000000,1.000000,0.0,0.0,20,3,0,10,12,0.8,1.25,0
0,31.25,12,0.109812,0.129296,1.000000,0.0,0.0,22,37,0,10,12,0.8,1.25,0
1,31.25,12,1.875000,2.929688,1.000000,0.0,0.0,20,3,0,10,12,0.8,1.25,0
0,62.5,12,0.439250,0.517185,1.000000,0.0,0.0,22,37,0,10,12,0.8,1.25,0
1,62.5,12,3.500000,5.468750,1.000000,0.0,0.0,20,3,0,10,12,0.8,1.25,0
0,93.75,12,0.988311,1.163666,1.000000,0.0,0.0,22,37,0,10,12,0.8,1.25,0
1,93.75,12,4.875000,7.617188,1.000000,0.0,0.0,20,3,0,10,12,0.8,1.25,0
0,125,12,1.756998,2.068739,1.000000,0.0,0.0,22,37,0,10,12,0.8,1.25,0
1,125,12,6.000000,9.375000,1.000000,0.0,0.0,20,3,0,10,12,0.8,1.25,0
0,156.25,12,2.745310,3.232405,1.000000,0.0,0.0,22,37,0,10,12,0.8,1.25,0
1,156.25,12,6.875000,10.742188,1.000000,0.0,0.0,20,3,0,10,12,0.8,1.25,0
0,187.5,12,3.953246,4.654663,1.000000,0.0,0.0,22,37,0,10,12,0.8,1.25,0
1,187.5,12,7.500000,11.718750,1.000000,0.0,0.0,20,3,0,10,12,0.8,1.25,0
0,218.75,12,5.380807,6.335514,1.000000,0.0,0.0,22,37,0,10,12,0.8,1.25,0
1,218.75,12,7.875000,12.304688,1.000000,0.0,0.0,20,3,0,10,12,0.8,1.25,0
0,250,12,7.027992,8.274957,1.000000,0.0,0.0,22,37,0,10,12,0.8,1.25,0
1,250,12,8.000000,12.500000,1.000000,0.0,0.0,20,3,0,10,12,0.8,1.25,0
0,281.25,12,8.675178,10.214400,1.000000,0.0,0.0,22,37,0,10,12,0.8,1.25,0
1,281.25,12,7.875000,12.304688,1.000000,0.0,0.0,20,3,0,10,12,0.8,1.25,0
0,312.5,12,10.102739,11.895250,1.000000,0.0,0.0,22,37,0,10,12,0.8,1.25,0
1,312.5,12,7.500000,11.718750,1.000000,0.0,0.0,20,3,0,10,12,0.8,1.25,0
0,343.75,12,11.310675,13.317508,1.000000,0.0,0.0,22,37,0,10,12,0.8,1.25,0
1,343.75,12,6.875000,10.742188,1.000000,0.0,0.0,20,3,0,10,12,0.8,1.25,0
0,375,12,12.298987,14.481174,1.000000,0.0,0.0,22,37,0,10,12,0.8,1.25,0
1,375,12,6.000000,9.375000,1.000000,0.0,0.0,20,3,0,10,12,0.8,1.25,0
0,406.25,12,13.067674,15.386247,1.000000,0.0,0.0,22,37,0,10,12,0.8,1.25,0
1,406.25,12,4.875000,7.617188,1.000000,0.0,0.0,20,3,0,10,12,0.8,1.25,0
0,437.5,12,13.616735,16.032728,1.000000,0.0,0.0,22,37,0,10,12,0.8,1.25,0
1,437.5,12,3.500000,5.468750,1.000000,0.0,0.0,20,3,0,10,12,0.8,1.25,0
0,468.75,12,13.946173,16.420617,1.000000,0.0,0.0,22,37,0,10,12,0.8,1.25,0
1,468.75,12,1.875000,2.929688,1.000000,0.0,0.0,20,3,0,10,12,0.8,1.25,0
0,500,12,14.055985,16.549913,1.000000,0.0,0.0,22,37,0,10,12,0.8,1.25,0
1,500,12,0.000000,0.000000,1.000000,0.0,0.0,20,3,0,10,12,0.8,1.25,0
0,562.5,12,13.616735,16.032728,1.000000,0.0,0.0,22,37,0,10,12,0.8,1.25,0
1,562.5,12,-3.500000,-5.468750,1.000000,0.0,0.0,20,3,0,10,12,0.8,1.25,0
0,625,12,12.298987,14.481174,1.000000,0.0,0.0,22,37,0,10,12,0.8,1.25,0
1,625,12,-6.000000,-9.375000,1.000000,0.0,0.0,20,3,0,10,12,0.8,1.25,0
0,687.5,12,10.102739,11.895250,1.000000,0.0,0.0,22,37,0,10,12,0.8,1.25,0
1,687.5,12,-7.500000,-11.718750,1.000000,0.0,0.0,20,3,0,10,12,0.8,1.25,0
0,750,12,7.027992,8.274957,1.000000,0.0,0.0,22,37,0,10,12,0.8,1.25,0
1,750,12,-8.000000,-12.500000,1.000000,0.0,0.0,20,3,0,10,12,0.8,1.25,0
0,812.5,12,3.953246,4.654663,1.000000,0.0,0.0,22,37,0,10,12,0.8,1.25,0
1,812.5,12,-7.500000,-11.718750,1.000000,0.0,0.0,20,3,0,10,12,0.8,1.25,0
0,875,12,1.756998,2.068739,1.000000,0.0,0.0,22,37,0,10,12,0.8,1.25,0
1,875,12,-6.000000,-9.375000,1.000000,0.0,0.0,20,3,0,10,12,0.8,1.25,0
0,937.5,12,0.439250,0.517185,1.000000,0.0,0.0,22,37,0,10,12,0.8,1.25,0
1,937.5,12,-3.500000,-5.468750,1.000000,0.0,0.0,20,3,0,10,12,0.8,1.25,0
0,1000,12,0.000000,0.000000,1.000000,0.0,0.0,22,37,0,10,12,0.8,1.25,0
1,1000,12,0.000000,0.000000,1.000000,0.0,0.0,20,3,0,10,12,0.8,1.25,0
0,1062.5,12,0.411796,0.484861,1.000000,0.0,0.0,22,37,0,10,12,0.8,1.25,0
1,1062.5,12,3.281250,5.126953,1.000000,0.0,0.0,20,3,0,10,12,0.8,1.25,0
0,1125,12,1.537373,1.810147,1.000000,0.0,0.0,22,37,0,10,12,0.8,1.25,0
1,1125,12,5.250000,8.203125,1.000000,0.0,0.0,20,3,0,10,12,0.8,1.25,0
0,1187.5,12,3.212012,3.781914,1.000000,0.0,0.0,22,37,0,10,12,0.8,1.25,0
1,1187.5,12,6.093750,9.521484,1.000000,0.0,0.0,20,3,0,10,12,0.8,1.25,0
0,1250,12,5.270994,6.206217,1.000000,0.0,0.0,22,37,0,10,12,0.8,1.25,0
1,1250,12,6.000000,9.375000,1.000000,0.0,0.0,20,3,0,10,12,0.8,1.25,0
0,1312.5,12,6.945633,8.177984,1.000000,0.0,0.0,22,37,0,10,12,0.8,1.25,0
1,1312.5,12,5.156250,8.056641,1.000000,0.0,0.0,20,3,0,10,12,0.8,1.25,0
0,1375,12,7.686867,9.050734,1.000000,0.0,0.0,22,37,0,10,12,0.8,1.25,0
1,1375,12,3.750000,5.859375,1.000000,0.0,0.0,20,3,0,10,12,0.8,1.25,0
0,1437.5,12,7.659414,9.018410,1.000000,0.0,0.0,22,37,0,10,12,0.8,1.25,0
1,1437.5,12,1.968750,3.076172,1.000000,0.0,0.0,20,3,0,10,12,0.8,1.25,0
0,1500,12,7.027992,8.274957,1.000000,0.0,0.0,22,37,0,10,12,0.8,1.25,0
1,1500,12,0.000000,0.000000,1.000000,0.0,0.0,20,3,0,10,12,0.8,1.25,0
0,1562.5,12,5.957322,7.014319,1.000000,0.0,0.0,22,37,0,10,12,0.8,1.25,0
1,1562.5,12,-1.531250,-2.392578,1.000000,0.0,0.0,20,3,0,10,12,0.8,1.25,0
0,1625,12,4.612120,5.430440,1.000000,0.0,0.0,22,37,0,10,12,0.8,1.25,0
1,1625,12,-2.250000,-3.515625,1.000000,0.0,0.0,20,3,0,10,12,0.8,1.25,0
0,1687.5,12,3.157106,3.717266,1.000000,0.0,0.0,22,37,0,10,12,0.8,1.25,0
1,1687.5,12,-2.343750,-3.662109,1.000000,0.0,0.0,20,3,0,10,12,0.8,1.25,0
0,1750,12,1.756998,2.068739,1.000000,0.0,0.0,22,37,0,10,12,0.8,1.25,0
1,1750,12,-2.000000,-3.125000,1.000000,0.0,0.0,20,3,0,10,12,0.8,1.25,0
0,0,10,0.000000,0.000000,1.000000,0.0,0.0,22,37,0,10,12,1.1,0.9,0
1,0,10,0.000000,0.000000,1.000000,0.0,0.0,20,3,0,10,12,1.1,0.9,0
0,31.25,10,0.150992,0.093093,1.000000,0.0,0.0,22,37,0,10,12,1.1,0.9,0
1,31.25,10,2.578125,2.109375,1.000000,0.0,0.0,20,3,0,10,12,1.1,0.9,0
0,62.5,10,0.603968,0.372373,1.000000,0.0,0.0,22,37,0,10,12,1.1,0.9,0
1,62.5,10,4.812500,3.937500,1.000000,0.0,0.0,20,3,0,10,12,1.1,0.9,0
0,93.75,10,1.358928,0.837839,1.000000,0.0,0.0,22,37,0,10,12,1.1,0.9,0
1,93.75,10,6.703125,5.484375,1.000000,0.0,0.0,20,3,0,10,12,1.1,0.9,0
0,125,10,2.415872,1.489492,1.000000,0.0,0.0,22,37,0,10,12,1.1,0.9,0
1,125,10,8.250000,6.750000,1.000000,0.0,0.0,20,3,0,10,12,1.1,0.9,0
0,156.25,10,3.774801,2.327332,1.000000,0.0,0.0,22,37,0,10,12,1.1,0.9,0
1,156.25,10,9.453125,7.734375,1.000000,0.0,0.0,20,3,0,10,12,1.1,0.9,0
0,187.5,10,5.435713,3.351357,1.000000,0.0,0.0,22,37,0,10,12,1.1,0.9,0
1,187.5,10,10.312500,8.437500,1.000000,0.0,0.0,20,3,0,10,12,1.1,0.9,0
0,218.75,10,7.398609,4.561570,1.000000,0.0,0.0,22,37,0,10,12,1.1,0.9,0
1,218.75,10,10.828125,8.859375,1.000000,0.0,0.0,20,3,0,10,12,1.1,0.9,0
0,250,10,9.663490,5.957969,1.000000,0.0,0.0,22,37,0,10,12,1.1,0.9,0
1,250,10,11.000000,9.000000,1.000000,0.0,0.0,20,3,0,10,12,1.1,0.9,0
0,281.25,10,11.928370,7.354368,1.000000,0.0,0.0,22,37,0,10,12,1.1,0.9,0
1,281.25,10,10.828125,8.859375,1.000000,0.0,0.0,20,3,0,10,12,1.1,0.9,0
0,312.5,10,13.891266,8.564580,1.000000,0.0,0.0,22,37,0,10,12,1.1,0.9,0
1,312.5,10,10.312500,8.437500,1.000000,0.0,0.0,20,3,0,10,12,1.1,0.9,0
0,343.75,10,15.552179,9.588606,1.000000,0.0,0.0,22,37,0,10,12,1.1,0.9,0
1,343.75,10,9.453125,7.734375,1.000000,0.0,0.0,20,3,0,10,12,1.1,0.9,0
0,375,10,16.911107,10.426445,1.000000,0.0,0.0,22,37,0,10,12,1.1,0.9,0
1,375,10,8.250000,6.750000,1.000000,0.0,0.0,20,3,0,10,12,1.1,0.9,0
0,406.25,10,17.968051,11.078098,1.000000,0.0,0.0,22,37,0,10,12,1.1,0.9,0
1,406.25,10,6.703125,5.484375,1.000000,0.0,0.0,20,3,0,10,12,1.1,0.9,0
0,437.5,10,18.723011,11.543564,1.000000,0.0,0.0,22,37,0,10,12,1.1,0.9,0
1,437.5,10,4.812500,3.937500,1.000000,0.0,0.0,20,3,0,10,12,1.1,0.9,0
0,468.75,10,19.175987,11.822844,1.000000,0.0,0.0,22,37,0,10,12,1.1,0.9,0
1,468.75,10,2.578125,2.109375,1.000000,0.0,0.0,20,3,0,10,12,1.1,0.9,0
0,500,10,19.326979,11.915937,1.000000,0.0,0.0,22,37,0,10,12,1.1,0.9,0
1,500,10,0.000000,0.000000,1.000000,0.0,0.0,20,3,0,10,12,1.1,0.9,0
0,562.5,10,18.723011,11.543564,1.000000,0.0,0.0,22,37,0,10,12,1.1,0.9,0
1,562.5,10,-4.812500,-3.937500,1.000000,0.0,0.0,20,3,0,10,12,1.1,0.9,0
0,625,10,16.911107,10.426445,1.000000,0.0,0.0,22,37,0,10,12,1.1,0.9,0
1,625,10,-8.250000,-6.750000,1.000000,0.0,0.0,20,3,0,10,12,1.1,0.9,0
0,687.5,10,13.891266,8.564580,1.000000,0.0,0.0,22,37,0,10,12,1.1,0.9,0
1,687.5,10,-10.312500,-8.437500,1.000000,0.0,0.0,20,3,0,10,12,1.1,0.9,0
0,750,10,9.663490,5.957969,1.000000,0.0,0.0,22,37,0,10,12,1.1,0.9,0
1,750,10,-11.000000,-9.000000,1.000000,0.0,0.0,20,3,0,10,12,1.1,0.9,0
0,812.5,10,5.435713,3.351357,1.000000,0.0,0.0,22,37,0,10,12,1.1,0.9,0
1,812.5,10,-10.312500,-8.437500,1.000000,0.0,0.0,20,3,0,10,12,1.1,0.9,0
0,875,10,2.415872,1.489492,1.000000,0.0,0.0,22,37,0,10,12,1.1,0.9,0
1,875,10,-8.250000,-6.750000,1.000000,0.0,0.0,20,3,0,10,12,1.1,0.9,0
0,937.5,10,0.603968,0.372373,1.000000,0.0,0.0,22,37,0,10,12,1.1,0.9,0
1,937.5,10,-4.812500,-3.937500,1.000000,0.0,0.0,20,3,0,10,12,1.1,0.9,0
0,1000,10,0.000000,0.000000,1.000000,0.0,0.0,22,37,0,10,12,1.1,0.9,0
1,1000,10,0.000000,0.000000,1.000000,0.0,0.0,20,3,0,10,12,1.1,0.9,0
0,1062.5,10,0.566220,0.349100,1.000000,0.0,0.0,22,37,0,10,12,1.1,0.9,0
1,1062.5,10,4.511719,3.691406,1.000000,0.0,0.0,20,3,0,10,12,1.1,0.9,0
0,1125,10,2.113888,1.303306,1.000000,0.0,0.0,22,37,0,10,12,1.1,0.9,0
1,1125,10,7.218750,5.906250,1.000000,0.0,0.0,20,3,0,10,12,1.1,0.9,0
0,1187.5,10,4.416517,2.722978,1.000000,0.0,0.0,22,37,0,10,12,1.1,0.9,0
1,1187.5,10,8.378906,6.855469,1.000000,0.0,0.0,20,3,0,10,12,1.1,0.9,0
0,1250,10,7.247617,4.468477,1.000000,0.0,0.0,22,37,0,10,12,1.1,0.9,0
1,1250,10,8.250000,6.750000,1.000000,0.0,0.0,20,3,0,10,12,1.1,0.9,0
0,1312.5,10,9.550246,5.888149,1.000000,0.0,0.0,22,37,0,10,12,1.1,0.9,0
1,1312.5,10,7.089844,5.800781,1.000000,0.0,0.0,20,3,0,10,12,1.1,0.9,0
0,1375,10,10.569442,6.516528,1.000000,0.0,0.0,22,37,0,10,12,1.1,0.9,0
1,1375,10,5.156250,4.218750,1.000000,0.0,0.0,20,3,0,10,12,1.1,0.9,0
0,1437.5,10,10.531694,6.493255,1.000000,0.0,0.0,22,37,0,10,12,1.1,0.9,0
1,1437.5,10,2.707031,2.214844,1.000000,0.0,0.0,20,3,0,10,12,1.1,0.9,0
0,1500,10,9.663490,5.957969,1.000000,0.0,0.0,22,37,0,10,12,1.1,0.9,0
1,1500,10,0.000000,0.000000,1.000000,0.0,0.0,20,3,0,10,12,1.1,0.9,0
0,1562.5,10,8.191317,5.050309,1.000000,0.0,0.0,22,37,0,10,12,1.1,0.9,0
1,1562.5,10,-2.105469,-1.722656,1.000000,0.0,0.0,20,3,0,10,12,1.1,0.9,0
0,1625,10,6.341665,3.909917,1.000000,0.0,0.0,22,37,0,10,12,1.1,0.9,0
1,1625,10,-3.093750,-2.531250,1.000000,0.0,0.0,20,3,0,10,12,1.1,0.9,0
0,1687.5,10,4.341021,2.676431,1.000000,0.0,0.0,22,37,0,10,12,1.1,0.9,0
1,1687.5,10,-3.222656,-2.636719,1.000000,0.0,0.0,20,3,0,10,12,1.1,0.9,0
0,1750,10,2.415872,1.489492,1.000000,0.0,0.0,22,37,0,10,12,1.1,0.9,0
1,1750,10,-2.750000,-2.250000,1.000000,0.0,0.0,20,3,0,10,12,1.1,0.9,0
0,0,11,0.000000,0.000000,1.000000,0.0,0.0,22,37,0,10,12,1.1,0.9,0
1,0,11,0.000000,0.000000,1.000000,0.0,0.0,20,3,0,10,12,1.1,0.9,0
0,31.25,11,0.150992,0.093093,1.000000,0.0,0.0,22,37,0,10,12,1.1,0.9,0
1,31.25,11,2.578125,2.109375,1.000000,0.0,0.0,20,3,0,10,12,1.1,0.9,0
0,62.5,11,0.603968,0.372373,1.000000,0.0,0.0,22,37,0,10,12,1.1,0.9,0
1,62.5,11,4.812500,3.937500,1.000000,0.0,0.0,20,3,0,10,12,1.1,0.9,0
0,93.75,11,1.358928,0.837839,1.000000,0.0,0.0,22,37,0,10,12,1.1,0.9,0
1,93.75,11,6.703125,5.484375,1.000000,0.0,0.0,20,3,0,10,12,1.1,0.9,0
0,125,11,2.415872,1.489492,1.000000,0.0,0.0,22,37,0,10,12,1.1,0.9,0
1,125,11,8.250000,6.750000,1.000000,0.0,0.0,20,3,0,10,12,1.1,0.9,0
0,156.25,11,3.774801,2.327332,1.000000,0.0,0.0,22,37,0,10,12,1.1,0.9,0
1,156.25,11,9.453125,7.734375,1.000000,0.0,0.0,20,3,0,10,12,1.1,0.9,0
0,187.5,11,5.435713,3.351357,1.000000,0.0,0.0,22,37,0,10,12,1.1,0.9,0
1,187.5,11,10.312500,8.437500,1.000000,0.0,0.0,20,3,0,10,12,1.1,0.9,0
0,218.75,11,7.398609,4.561570,1.000000,0.0,0.0,22,37,0,10,12,1.1,0.9,0
1,218.75,11,10.828125,8.859375,1.000000,0.0,0.0,20,3,0,10,12,1.1,0.9,0
0,250,11,9.663490,5.957969,1.000000,0.0,0.0,22,37,0,10,12,1.1,0.9,0
1,250,11,11.000000,9.000000,1.000000,0.0,0.0,20,3,0,10,12,1.1,0.9,0
0,281.25,11,11.928370,7.354368,1.000000,0.0,0.0,22,37,0,10,12,1.1,0.9,0
1,281.25,11,10.828125,8.859375,1.000000,0.0,0.0,20,3,0,10,12,1.1,0.9,0
0,312.5,11,13.891266,8.564580,1.000000,0.0,0.0,22,37,0,10,12,1.1,0.9,0
1,312.5,11,10.312500,8.437500,1.000000,0.0,0.0,20,3,0,10,12,1.1,0.9,0
0,343.75,11,15.552179,9.588606,1.000000,0.0,0.0,22,37,0,10,12,1.1,0.9,0
1,343.75,11,9.453125,7.734375,1.000000,0.0,0.0,20,3,0,10,12,1.1,0.9,0
0,375,11,16.911107,10.426445,1.000000,0.0,0.0,22,37,0,10,12,1.1,0.9,0
1,375,11,8.250000,6.750000,1.000000,0.0,0.0,20,3,0,10,12,1.1,0.9,0
0,406.25,11,17.968051,11.078098,1.000000,0.0,0.0,22,37,0,10,12,1.1,0.9,0
1,406.25,11,6.703125,5.484375,1.000000,0.0,0.0,20,3,0,10,12,1.1,0.9,0
0,437.5,11,18.723011,11.543564,1.000000,0.0,0.0,22,37,0,10,12,1.1,0.9,0
1,437.5,11,4.812500,3.937500,1.000000,0.0,0.0,20,3,0,10,12,1.1,0.9,0
0,468.75,11,19.175987,11.822844,1.000000,0.0,0.0,22,37,0,10,12,1.1,0.9,0
1,468.75,11,2.578125,2.109375,1.000000,0.0,0.0,20,3,0,10,12,1.1,0.9,0
0,500,11,19.326979,11.915937,1.000000,0.0,0.0,22,37,0,10,12,1.1,0.9,0
1,500,11,0.000000,0.000000,1.000000,0.0,0.0,20,3,0,10,12,1.1,0.9,0
0,562.5,11,18.723011,11.543564,1.000000,0.0,0.0,22,37,0,10,12,1.1,0.9,0
1,562.5,11,-4.812500,-3.937500,1.000000,0.0,0.0,20,3,0,10,12,1.1,0.9,0
0,625,11,16.911107,10.426445,1.000000,0.0,0.0,22,37,0,10,12,1.1,0.9,0
1,625,11,-8.250000,-6.750000,1.000000,0.0,0.0,20,3,0,10,12,1.1,0.9,0
0,687.5,11,13.891266,8.564580,1.000000,0.0,0.0,22,37,0,10,12,1.1,0.9,0
1,687.5,11,-10.312500,-8.437500,1.000000,0.0,0.0,20,3,0,10,12,1.1,0.9,0
0,750,11,9.663490,5.957969,1.000000,0.0,0.0,22,37,0,10,12,1.1,0.9,0
1,750,11,-11.000000,-9.000000,1.000000,0.0,0.0,20,3,0,10,12,1.1,0.9,0
0,812.5,11,5.435713,3.351357,1.000000,0.0,0.0,22,37,0,10,12,1.1,0.9,0
1,812.5,11,-10.312500,-8.437500,1.000000,0.0,0.0,20,3,0,10,12,1.1,0.9,0
0,875,11,2.415872,1.489492,1.000000,0.0,0.0,22,37,0,10,12,1.1,0.9,0
1,875,11,-8.250000,-6.750000,1.000000,0.0,0.0,20,3,0,10,12,1.1,0.9,0
0,937.5,11,0.603968,0.372373,1.000000,0.0,0.0,22,37,0,10,12,1.1,0.9,0
1,937.5,11,-4.812500,-3.937500,1.000000,0.0,0.0,20,3,0,10,12,1.1,0.9,0
0,1000,11,0.000000,0.000000,1.000000,0.0,0.0,22,37,0,10,12,1.1,0.9,0
1,1000,11,0.000000,0.000000,1.000000,0.0,0.0,20,3,0,10,12,1.1,0.9,0
0,1062.5,11,0.566220,0.349100,1.000000,0.0,0.0,22,37,0,10,12,1.1,0.9,0
1,1062.5,11,4.511719,3.691406,1.000000,0.0,0.0,20,3,0,10,12,1.1,0.9,0
0,1125,11,2.113888,1.303306,1.000000,0.0,0.0,22,37,0,10,12,1.1,0.9,0
1,1125,11,7.218750,5.906250,1.000000,0.0,0.0,20,3,0,10,12,1.1,0.9,0
0,1187.5,11,4.416517,2.722978,1.000000,0.0,0.0,22,37,0,10,12,1.1,0.9,0
1,1187.5,11,8.378906,6.855469,1.000000,0.0,0.0,20,3,0,10,12,1.1,0.9,0
0,1250,11,7.247617,4.468477,1.000000,0.0,0.0,22,37,0,10,12,1.1,0.9,0
1,1250,11,8.250000,6.750000,1.000000,0.0,0.0,20,3,0,10,12,1.1,0.9,0
0,1312.5,11,9.550246,5.888149,1.000000,0.0,0.0,22,37,0,10,12,1.1,0.9,0
1,1312.5,11,7.089844,5.800781,1.000000,0.0,0.0,20,3,0,10,12,1.1,0.9,0
0,1375,11,10.569442,6.516528,1.000000,0.0,0.0,22,37,0,10,12,1.1,0.9,0
1,1375,11,5.156250,4.218750,1.000000,0.0,0.0,20,3,0,10,12,1.1,0.9,0
0,1437.5,11,10.531694,6.493255,1.000000,0.0,0.0,22,37,0,10,12,1.1,0.9,0
1,1437.5,11,2.707031,2.214844,1.000000,0.0,0.0,20,3,0,10,12,1.1,0.9,0
0,1500,11,9.663490,5.957969,1.000000,0.0,0.0,22,37,0,10,12,1.1,0.9,0
1,1500,11,0.000000,0.000000,1.000000,0.0,0.0,20,3,0,10,12,1.1,0.9,0
0,1562.5,11,8.191317,5.050309,1.000000,0.0,0.0,22,37,0,10,12,1.1,0.9,0
1,1562.5,11,-2.105469,-1.722656,1.000000,0.0,0.0,20,3,0,10,12,1.1,0.9,0
0,1625,11,6.341665,3.909917,1.000000,0.0,0.0,22,37,0,10,12,1.1,0.9,0
1,1625,11,-3.093750,-2.531250,1.000000,0.0,0.0,20,3,0,10,12,1.1,0.9,0
0,1687.5,11,4.341021,2.676431,1.000000,0.0,0.0,22,37,0,10,12,1.1,0.9,0
1,1687.5,11,-3.222656,-2.636719,1.000000,0.0,0.0,20,3,0,10,12,1.1,0.9,0
0,1750,11,2.415872,1.489492,1.000000,0.0,0.0,22,37,0,10,12,1.1,0.9,0
1,1750,11,-2.750000,-2.250000,1.000000,0.0,0.0,20,3,0,10,12,1.1,0.9,0
0,0,12,0.000000,0.000000,1.000000,0.0,0.0,22,37,0,10,12,1.1,0.9,0
1,0,12,0.000000,0.000000,1.000000,0.0,0.0,20,3,0,10,12,1.1,0.9,0
0,31.25,12,0.150992,0.093093,1.000000,0.0,0.0,22,37,0,10,12,1.1,0.9,0
1,31.25,12,2.578125,2.109375,1.000000,0.0,0.0,20,3,0,10,12,1.1,0.9,0
0,62.5,12,0.603968,0.372373,1.000000,0.0,0.0,22,37,0,10,12,1.1,0.9,0
1,62.5,12,4.812500,3.937500,1.000000,0.0,0.0,20,3,0,10,12,1.1,0.9,0
0,93.75,12,1.358928,0.837839,1.000000,0.0,0.0,22,37,0,10,12,1.1,0.9,0
1,93.75,12,6.703125,5.484375,1.000000,0.0,0.0,20,3,0,10,12,1.1,0.9,0
0,125,12,2.415872,1.489492,1.000000,0.0,0.0,22,37,0,10,12,1.1,0.9,0
1,125,12,8.250000,6.750000,1.000000,0.0,0.0,20,3,0,10,12,1.1,0.9,0
0,156.25,12,3.774801,2.327332,1.000000,0.0,0.0,22,37,0,10,12,1.1,0.9,0
1,156.25,12,9.453125,7.734375,1.000000,0.0,0.0,20,3,0,10,12,1.1,0.9,0
0,187.5,12,5.435713,3.351357,1.000000,0.0,0.0,22,37,0,10,12,1.1,0.9,0
1,187.5,12,10.312500,8.437500,1.000000,0.0,0.0,20,3,0,10,12,1.1,0.9,0
0,218.75,12,7.398609,4.561570,1.000000,0.0,0.0,22,37,0,10,12,1.1,0.9,0
1,218.75,12,10.828125,8.859375,1.000000,0.0,0.0,20,3,0,10,12,1.1,0.9,0
0,250,12,9.663490,5.957969,1.000000,0.0,0.0,22,37,0,10,12,1.1,0.9,0
1,250,12,11.000000,9.000000,1.000000,0.0,0.0,20,3,0,10,12,1.1,0.9,0
0,281.25,12,11.928370,7.354368,1.000000,0.0,0.0,22,37,0,10,12,1.1,0.9,0
1,281.25,12,10.828125,8.859375,1.000000,0.0,0.0,20,3,0,10,12,1.1,0.9,0
0,312.5,12,13.891266,8.564580,1.000000,0.0,0.0,22,37,0,10,12,1.1,0.9,0
1,312.5,12,10.312500,8.437500,1.000000,0.0,0.0,20,3,0,10,12,1.1,0.9,0
0,343.75,12,15.552179,9.588606,1.000000,0.0,0.0,22,37,0,10,12,1.1,0.9,0
1,343.75,12,9.453125,7.734375,1.000000,0.0,0.0,20,3,0,10,12,1.1,0.9,0
0,375,12,16.911107,10.426445,1.000000,0.0,0.0,22,37,0,10,12,1.1,0.9,0
1,375,12,8.250000,6.750000,1.000000,0.0,0.0,20,3,0,10,12,1.1,0.9,0
0,406.25,12,17.968051,11.078098,1.000000,0.0,0.0,22,37,0,10,12,1.1,0.9,0
1,406.25,12,6.703125,5.484375,1.000000,0.0,0.0,20,3,0,10,12,1.1,0.9,0
0,437.5,12,18.723011,11.543564,1.000000,0.0,0.0,22,37,0,10,12,1.1,0.9,0
1,437.5,12,4.812500,3.937500,1.000000,0.0,0.0,20,3,0,10,12,1.1,0.9,0
0,468.75,12,19.175987,11.822844,1.000000,0.0,0.0,22,37,0,10,12,1.1,0.9,0
1,468.75,12,2.578125,2.109375,1.000000,0.0,0.0,20,3,0,10,12,1.1,0.9,0
0,500,12,19.326979,11.915937,1.000000,0.0,0.0,22,37,0,10,12,1.1,0.9,0
1,500,12,0.000000,0.000000,1.000000,0.0,0.0,20,3,0,10,12,1.1,0.9,0
0,562.5,12,18.723011,11.543564,1.000000,0.0,0.0,22,37,0,10,12,1.1,0.9,0
1,562.5,12,-4.812500,-3.937500,1.000000,0.0,0.0,20,3,0,10,12,1.1,0.9,0
0,625,12,16.911107,10.426445,1.000000,0.0,0.0,22,37,0,10,12,1.1,0.9,0
1,625,12,-8.250000,-6.750000,1.000000,0.0,0.0,20,3,0,10,12,1.1,0.9,0
0,687.5,12,13.891266,8.564580,1.000000,0.0,0.0,22,37,0,10,12,1.1,0.9,0
1,687.5,12,-10.312500,-8.437500,1.000000,0.0,0.0,20,3,0,10,12,1.1,0.9,0
0,750,12,9.663490,5.957969,1.000000,0.0,0.0,22,37,0,10,12,1.1,0.9,0
1,750,12,-11.000000,-9.000000,1.000000,0.0,0.0,20,3,0,10,12,1.1,0.9,0
0,812.5,12,5.435713,3.351357,1.000000,0.0,0.0,22,37,0,10,12,1.1,0.9,0
1,812.5,12,-10.312500,-8.437500,1.000000,0.0,0.0,20,3,0,10,12,1.1,0.9,0
0,875,12,2.415872,1.489492,1.000000,0.0,0.0,22,37,0,10,12,1.1,0.9,0
1,875,12,-8.250000,-6.750000,1.000000,0.0,0.0,20,3,0,10,12,1.1,0.9,0
0,937.5,12,0.603968,0.372373,1.000000,0.0,0.0,22,37,0,10,12,1.1,0.9,0
1,937.5,12,-4.812500,-3.937500,1.000000,0.0,0.0,20,3,0,10,12,1.1,0.9,0
0,1000,12,0.000000,0.000000,1.000000,0.0,0.0,22,37,0,10,12,1.1,0.9,0
1,1000,12,0.000000,0.000000,1.000000,0.0,0.0,20,3,0,10,12,1.1,0.9,0
0,1062.5,12,0.566220,0.349100,1.000000,0.0,0.0,22,37,0,10,12,1.1,0.9,0
1,1062.5,12,4.511719,3.691406,1.000000,0.0,0.0,20,3,0,10,12,1.1,0.9,0
0,1125,12,2.113888,1.303306,1.000000,0.0,0.0,22,37,0,10,12,1.1,0.9,0
1,1125,12,7.218750,5.906250,1.000000,0.0,0.0,20,3,0,10,12,1.1,0.9,0
0,1187.5,12,4.416517,2.722978,1.000000,0.0,0.0,22,37,0,10,12,1.1,0.9,0
1,1187.5,12,8.378906,6.855469,1.000000,0.0,0.0,20,3,0,10,12,1.1,0.9,0
0,1250,12,7.247617,4.468477,1.000000,0.0,0.0,22,37,0,10,12,1.1,0.9,0
1,1250,12,8.250000,6.750000,1.000000,0.0,0.0,20,3,0,10,12,1.1,0.9,0
0,1312.5,12,9.550246,5.888149,1.000000,0.0,0.0,22,37,0,10,12,1.1,0.9,0
1,1312.5,12,7.089844,5.800781,1.000000,0.0,0.0,20,3,0,10,12,1.1,0.9,0
0,1375,12,10.569442,6.516528,1.000000,0.0,0.0,22,37,0,10,12,1.1,0.9,0
1,1375,12,5.156250,4.218750,1.000000,0.0,0.0,20,3,0,10,12,1.1,0.9,0
0,1437.5,12,10.531694,6.493255,1.000000,0.0,0.0,22,37,0,10,12,1.1,0.9,0
1,1437.5,12,2.707031,2.214844,1.000000,0.0,0.0,20,3,0,10,12,1.1,0.9,0
0,1500,12,9.663490,5.957969,1.000000,0.0,0.0,22,37,0,10,12,1.1,0.9,0
1,1500,12,0.000000,0.000000,1.000000,0.0,0.0,20,3,0,10,12,1.1,0.9,0
0,1562.5,12,8.191317,5.050309,1.000000,0.0,0.0,22,37,0,10,12,1.1,0.9,0
1,1562.5,12,-2.105469,-1.722656,1.000000,0.0,0.0,20,3,0,10,12,1.1,0.9,0
0,1625,12,6.341665,3.909917,1.000000,0.0,0.0,22,37,0,10,12,1.1,0.9,0
1,1625,12,-3.093750,-2.531250,1.000000,0.0,0.0,20,3,0,10,12,1.1,0.9,0
0,1687.5,12,4.341021,2.676431,1.000000,0.0,0.0,22,37,0,10,12,1.1,0.9,0
1,1687.5,12,-3.222656,-2.636719,1.000000,0.0,0.0,20,3,0,10,12,1.1,0.9,0
0,1750,12,2.415872,1.489492,1.000000,0.0,0.0,22,37,0,10,12,1.1,0.9,0
1,1750,12,-2.750000,-2.250000,1.000000,0.0,0.0,20,3,0,10,12,1.1,0.9,0
